-- MySQL dump 10.13  Distrib 8.0.25, for Win64 (x86_64)
--
-- Host: localhost    Database: study_journal
-- ------------------------------------------------------
-- Server version	8.0.25

/*!40101 SET @OLD_CHARACTER_SET_CLIENT = @@CHARACTER_SET_CLIENT */;
/*!40101 SET @OLD_CHARACTER_SET_RESULTS = @@CHARACTER_SET_RESULTS */;
/*!40101 SET @OLD_COLLATION_CONNECTION = @@COLLATION_CONNECTION */;
/*!50503 SET NAMES utf8mb4 */;
/*!40103 SET @OLD_TIME_ZONE = @@TIME_ZONE */;
/*!40103 SET TIME_ZONE = '+00:00' */;
/*!40014 SET @OLD_UNIQUE_CHECKS = @@UNIQUE_CHECKS, UNIQUE_CHECKS = 0 */;
/*!40014 SET @OLD_FOREIGN_KEY_CHECKS = @@FOREIGN_KEY_CHECKS, FOREIGN_KEY_CHECKS = 0 */;
/*!40101 SET @OLD_SQL_MODE = @@SQL_MODE, SQL_MODE = 'NO_AUTO_VALUE_ON_ZERO' */;
/*!40111 SET @OLD_SQL_NOTES = @@SQL_NOTES, SQL_NOTES = 0 */;

--
-- Table structure for table `courses`
--

DROP TABLE IF EXISTS `courses`;
/*!40101 SET @saved_cs_client = @@character_set_client */;
/*!50503 SET character_set_client = utf8mb4 */;
CREATE TABLE `courses`
(
    `id`          INT UNSIGNED                                                  NOT NULL AUTO_INCREMENT,
    `name`        VARCHAR(255) CHARACTER SET utf8mb4 COLLATE utf8mb4_unicode_ci NOT NULL,
    `description` VARCHAR(255) CHARACTER SET utf8mb4 COLLATE utf8mb4_unicode_ci DEFAULT NULL,
    `group_id`    VARCHAR(255) CHARACTER SET utf8mb4 COLLATE utf8mb4_unicode_ci DEFAULT NULL,
    `active`      TINYINT(1)                                                    NOT NULL,
    `start_date`  DATETIME                                                      DEFAULT NULL,
    `end_date`    DATETIME                                                      DEFAULT NULL,
    `created_at`  DATETIME                                                      DEFAULT CURRENT_TIMESTAMP,
    `updated_at`  DATETIME                                                      DEFAULT CURRENT_TIMESTAMP ON UPDATE CURRENT_TIMESTAMP,
    PRIMARY KEY (`id`),
    KEY `courses_group_id_fk` (`group_id`),
    KEY `courses_name_idx` (`name`),
    CONSTRAINT `courses_group_id_fk` FOREIGN KEY (`group_id`) REFERENCES `study_groups` (`number`)
) ENGINE = InnoDB
  AUTO_INCREMENT = 8
  DEFAULT CHARSET = utf8mb4
  COLLATE = utf8mb4_unicode_ci;
/*!40101 SET character_set_client = @saved_cs_client */;

--
-- Dumping data for table `courses`
--

LOCK TABLES `courses` WRITE;
/*!40000 ALTER TABLE `courses`
    DISABLE KEYS */;
INSERT INTO `courses`
VALUES (1, 'Vel vel facilis facilis.',
        'Sit a officia cum repudiandae totam dicta nesciunt. Consequatur odit error autem. Maiores velit ut fuga autem accusamus amet perferendis. Sed recusandae odio neque. Ad odio rem laudantium minus.',
        NULL, 1, '2021-07-15 06:07:01', '2020-12-05 12:32:07', '2020-10-24 06:36:59', '2021-08-12 21:42:32'),
       (2, 'Nisi qui sit explicabo.',
        'Vel ea dolorem deserunt corporis. Quam dolores eveniet cumque illo dolores ea nihil. Perferendis deserunt ratione exercitationem nisi.',
        '1703621', 0, '2020-09-19 08:34:11', '2021-03-28 07:12:28', '2020-08-23 01:07:28', '2021-02-05 00:21:10'),
       (3, 'Rerum numquam id.',
        'Voluptates magni aspernatur vel qui nesciunt ullam. Eos et explicabo et rerum soluta labore architecto. Tenetur maxime cum sit ipsum veritatis et voluptate ut.',
        '2', 1, '2020-09-10 11:21:49', '2021-05-26 08:07:19', '2021-02-14 19:49:24', '2020-10-19 12:04:49'),
       (4, 'Dignissimos dolore esse minus.',
        'Asperiores delectus libero maiores. Qui tenetur ad animi perferendis sequi reiciendis. Nostrum praesentium et quis rerum tenetur et fugit minima.',
        '2400974', 1, '2020-08-23 15:28:30', '2021-08-12 04:50:30', '2021-06-19 05:56:46', '2020-12-27 07:51:19'),
       (5, 'Ducimus accusamus totam ipsam.',
        'Enim dolore sit voluptate dolorem commodi ad. Ipsum eligendi dolores quia libero. Aut sit sit adipisci quis quaerat enim. Omnis eius ab temporibus necessitatibus veritatis aut.',
        '3', 0, '2020-10-21 01:42:41', '2020-12-06 08:46:08', '2020-08-23 07:20:11', '2021-07-16 14:25:42'),
       (6, 'Adipisci aut incidunt quo at sunt.',
        'Odio optio enim illum velit. Minus tempora suscipit explicabo consequatur saepe libero earum tenetur. Expedita rerum quasi distinctio rem iste accusamus. Voluptas expedita ea quas sit voluptas fugiat.',
        '489596946', 0, '2021-01-27 21:19:29', '2021-02-18 08:35:53', '2021-02-06 18:19:39', '2020-08-26 07:40:55'),
       (7, 'Aliquid quibusdam et.',
        'Magnam eos est id autem omnis. Id nulla tempora aut natus. A doloremque est et dolor. Et veritatis consequatur nam culpa id eligendi.',
        '6188427', 1, '2021-03-02 22:05:04', '2020-12-10 19:59:16', '2020-08-30 22:42:06', '2021-05-18 21:44:01');
/*!40000 ALTER TABLE `courses`
    ENABLE KEYS */;
UNLOCK TABLES;
/*!50003 SET @saved_cs_client = @@character_set_client */;
/*!50003 SET @saved_cs_results = @@character_set_results */;
/*!50003 SET @saved_col_connection = @@collation_connection */;
/*!50003 SET character_set_client = utf8mb4 */;
/*!50003 SET character_set_results = utf8mb4 */;
/*!50003 SET collation_connection = utf8mb4_0900_ai_ci */;
/*!50003 SET @saved_sql_mode = @@sql_mode */;
/*!50003 SET sql_mode = 'STRICT_TRANS_TABLES,NO_ENGINE_SUBSTITUTION' */;
DELIMITER ;;
/*!50003 CREATE */ /*!50017 DEFINER =`root`@`localhost`*/ /*!50003 TRIGGER `course_active`
    AFTER UPDATE
    ON `courses`
    FOR EACH ROW
BEGIN

    -- если дата окончания курса после нынешней, то надо выставить актив в false если забыли

    IF NEW.end_date > NOW() AND NEW.active = FALSE THEN

        UPDATE courses SET active = FALSE WHERE id = NEW.id;

    END IF;

END */;;
DELIMITER ;
/*!50003 SET sql_mode = @saved_sql_mode */;
/*!50003 SET character_set_client = @saved_cs_client */;
/*!50003 SET character_set_results = @saved_cs_results */;
/*!50003 SET collation_connection = @saved_col_connection */;

--
-- Temporary view structure for view `group_size`
--

DROP TABLE IF EXISTS `group_size`;
/*!50001 DROP VIEW IF EXISTS `group_size`*/;
SET @saved_cs_client = @@character_set_client;
/*!50503 SET character_set_client = utf8mb4 */;
/*!50001 CREATE VIEW `group_size` AS
SELECT 1 AS `group_number`,
       1 AS `students`
        */;
SET character_set_client = @saved_cs_client;

--
-- Temporary view structure for view `lesson_teacher`
--

DROP TABLE IF EXISTS `lesson_teacher`;
/*!50001 DROP VIEW IF EXISTS `lesson_teacher`*/;
SET @saved_cs_client = @@character_set_client;
/*!50503 SET character_set_client = utf8mb4 */;
/*!50001 CREATE VIEW `lesson_teacher` AS
SELECT 1 AS `number`,
       1 AS `lesson_date`,
       1 AS `theme`,
       1 AS `group_number`,
       1 AS `CONCAT(teachers.last_name, teachers.first_name)`
        */;
SET character_set_client = @saved_cs_client;

--
-- Table structure for table `lessons`
--

DROP TABLE IF EXISTS `lessons`;
/*!40101 SET @saved_cs_client = @@character_set_client */;
/*!50503 SET character_set_client = utf8mb4 */;
CREATE TABLE `lessons`
(
    `id`          INT UNSIGNED                                                  NOT NULL AUTO_INCREMENT,
    `number`      SMALLINT                                                      NOT NULL,
    `group_id`    VARCHAR(255) CHARACTER SET utf8mb4 COLLATE utf8mb4_unicode_ci NOT NULL,
    `course_id`   INT UNSIGNED                                                  NOT NULL,
    `teacher_id`  INT UNSIGNED                                                  NOT NULL,
    `theme`       VARCHAR(255) CHARACTER SET utf8mb4 COLLATE utf8mb4_unicode_ci DEFAULT NULL,
    `homework`    VARCHAR(255) CHARACTER SET utf8mb4 COLLATE utf8mb4_unicode_ci DEFAULT NULL,
    `lesson_date` DATETIME                                                      NOT NULL,
    `note`        VARCHAR(255) CHARACTER SET utf8mb4 COLLATE utf8mb4_unicode_ci DEFAULT NULL,
    `created_at`  DATETIME                                                      DEFAULT CURRENT_TIMESTAMP,
    `updated_at`  DATETIME                                                      DEFAULT CURRENT_TIMESTAMP ON UPDATE CURRENT_TIMESTAMP,
    PRIMARY KEY (`id`),
    KEY `lessons_group_id_fk` (`group_id`),
    KEY `lessons_course_id_fk` (`course_id`),
    KEY `lessons_teacher_id_fk` (`teacher_id`),
    CONSTRAINT `lessons_course_id_fk` FOREIGN KEY (`course_id`) REFERENCES `courses` (`id`),
    CONSTRAINT `lessons_group_id_fk` FOREIGN KEY (`group_id`) REFERENCES `study_groups` (`number`),
    CONSTRAINT `lessons_teacher_id_fk` FOREIGN KEY (`teacher_id`) REFERENCES `teachers` (`id`)
) ENGINE = InnoDB
  AUTO_INCREMENT = 201
  DEFAULT CHARSET = utf8mb4
  COLLATE = utf8mb4_unicode_ci;
/*!40101 SET character_set_client = @saved_cs_client */;

--
-- Dumping data for table `lessons`
--

LOCK TABLES `lessons` WRITE;
/*!40000 ALTER TABLE `lessons`
    DISABLE KEYS */;
INSERT INTO `lessons`
VALUES (1, 14, '63013130', 1, 2, 'Officia soluta consequatur iure quam.',
        'Voluptas adipisci nemo amet sint quam aut. Quos maiores ducimus sit.', '2012-12-25 00:26:37',
        'Dolore veniam libero quaerat repellendus. Qui in eius assumenda assumenda blanditiis vel earum. Maiores et molestiae saepe tempora necessitatibus similique ut voluptatem. Repudiandae rerum laborum exercitationem veniam quibusdam alias.',
        '2020-12-07 00:05:55', '2021-08-12 21:44:18'),
       (2, 9, '2', 3, 3, 'Voluptatem quia nisi laborum deserunt laudantium eveniet.',
        'Dolor qui aliquam qui. Voluptatem ea consequatur optio voluptatibus. Est dicta iste et non dolores. Est eos optio illum ipsam mollitia.',
        '2015-07-29 15:46:27', 'Quis quam nesciunt sint. Quo necessitatibus quidem vel quasi facilis ut.',
        '2021-02-12 14:09:20', '2021-08-12 21:27:14'),
       (3, 1, '2', 1, 4, 'Aut ea aperiam molestias voluptatum explicabo sit.',
        'Fugiat illum neque incidunt. Et atque est aut tempora similique. Nulla ex id corrupti adipisci ducimus.',
        '2017-12-24 02:35:58',
        'Mollitia ipsa veniam voluptatum ipsa aspernatur. Saepe cupiditate cupiditate in doloribus eaque quo. Aut et similique reprehenderit.',
        '2020-09-18 10:25:36', '2021-08-12 21:27:14'),
       (4, 10, '91600', 4, 10, 'Mollitia doloremque est deleniti ex architecto eum.',
        'Iure provident nihil error incidunt ullam. Rem quia alias aut facere. Labore alias enim earum molestias ab rem. Enim delectus non nihil.',
        '2012-07-28 10:29:24',
        'Culpa eos placeat sit sed et eveniet quibusdam. Nemo et et veniam sed quibusdam. Veniam laboriosam iure quos ipsam. Aspernatur veritatis dolorem facilis sed in. Eaque reiciendis magni cumque quia aut et.',
        '2020-12-26 11:55:48', '2021-08-12 21:44:18'),
       (5, 6, '2400974', 7, 6, 'Repellat quo unde fugiat.',
        'Aspernatur voluptatem aut natus debitis velit eos. Qui soluta molestias officiis alias. Ut vel neque ad voluptatem.',
        '2012-05-17 00:43:25',
        'Culpa doloribus hic provident omnis autem molestias deserunt nemo. Voluptatem sed velit aut delectus dignissimos. Ut sed qui ut fugit. Assumenda magnam reprehenderit dolores esse non necessitatibus dicta.',
        '2021-03-01 08:33:27', '2021-08-12 21:44:18'),
       (6, 7, '63013130', 5, 1, 'Dolor quas harum sit et voluptates veritatis id.',
        'Qui hic rerum laboriosam. Ducimus totam rerum laborum. Sed dolores unde ullam. Qui consequuntur soluta adipisci accusantium repellat rerum.',
        '2019-06-14 04:34:24',
        'Voluptas incidunt dolorum placeat porro et sit perferendis numquam. Libero saepe et iste eaque. Ipsum officia nostrum quo labore.',
        '2021-01-05 23:40:35', '2021-08-12 21:44:18'),
       (7, 7, '6188427', 2, 4, 'Quia ut quia iure atque iusto non.',
        'Doloribus temporibus id sed voluptatum eveniet doloribus. Magni in voluptates nihil accusamus. Fuga debitis quo eos voluptatem ea aspernatur ea.',
        '2017-05-08 04:13:04',
        'Tempore maxime laborum deserunt delectus tempore. Praesentium provident praesentium qui deserunt ut voluptatem. Officia suscipit iusto repellendus laborum est est id exercitationem. Ex quidem quia eum tempora eaque.',
        '2021-06-09 21:27:16', '2021-08-12 21:44:18'),
       (8, 8, '2', 5, 5, 'Architecto modi quisquam et aut qui natus explicabo inventore.',
        'Consequuntur eum veniam ipsa. Aspernatur saepe qui sint deleniti optio dolor. Cum non cumque occaecati quae quo in. Minima facilis et consectetur sit. Molestiae aut autem asperiores itaque dolores et.',
        '2012-01-26 03:14:19',
        'Explicabo reprehenderit aut beatae est totam dolores. Dolores facere voluptate odit vitae harum quibusdam consequuntur. Eos maxime expedita totam consequatur perspiciatis aliquid maiores. Nostrum aliquid qui quas porro.',
        '2021-06-10 23:53:38', '2021-08-12 21:44:18'),
       (9, 14, '489596946', 2, 10, 'Aliquid facilis excepturi assumenda.',
        'Reiciendis non praesentium ut qui expedita. Laboriosam sunt qui facilis reprehenderit debitis nihil. Aliquid saepe est qui aspernatur dolorem ut enim. Et autem sed asperiores ipsam dolor nulla.',
        '2013-04-11 02:58:28',
        'Quis doloribus excepturi cum blanditiis quibusdam voluptas et non. Reprehenderit ab quidem officiis est impedit rem. Cumque et architecto odit omnis.',
        '2020-11-20 05:26:28', '2021-08-12 21:44:18'),
       (10, 14, '91171091', 6, 6, 'Consequuntur corporis minima perspiciatis est.',
        'Expedita libero ut iure autem. Ipsa numquam qui neque quo deserunt ut. Quia quis et error expedita est vitae sapiente aut.',
        '2014-04-09 09:30:41',
        'Repudiandae voluptate et fugit deserunt occaecati. Voluptatem atque deserunt sed eaque omnis enim dicta consectetur. Itaque a accusantium impedit explicabo aliquam culpa itaque.',
        '2021-03-29 11:05:23', '2021-08-12 21:27:14'),
       (11, 8, '1703621', 7, 6, 'Delectus dignissimos quas sunt et facilis.',
        'Et rerum aperiam qui omnis et. Et consequatur eius consequatur repellendus id voluptatem. Rerum impedit nostrum debitis doloremque nulla consequatur consequatur.',
        '2015-11-22 23:30:33',
        'Minima molestiae est recusandae omnis quisquam nihil quaerat. Laborum consequatur nihil quidem debitis aut sunt et et. Facilis dolorum est eum enim. Adipisci ut occaecati ab quas fugit.',
        '2021-04-07 23:50:28', '2021-08-12 21:44:18'),
       (12, 13, '2', 4, 1, 'Eligendi voluptatibus non eius architecto similique a ipsa.',
        'Fugit voluptatum eius cumque placeat. Dolores ipsum consequatur maxime qui sapiente adipisci.',
        '2019-09-26 23:46:11',
        'Soluta facere sequi consectetur ipsa. Cupiditate aut iusto optio ut facilis alias blanditiis. Voluptatem esse eveniet sit esse optio accusamus adipisci.',
        '2020-10-25 20:54:08', '2021-08-12 21:44:18'),
       (13, 10, '1703621', 4, 9, 'Explicabo sint sed necessitatibus id.',
        'Sed alias et eius perferendis id non. Magni cumque omnis quam neque. Aut vero temporibus deserunt necessitatibus nesciunt magnam recusandae quo.',
        '2017-12-24 14:13:59',
        'Saepe ipsam deleniti qui eum deleniti doloremque eos. Libero veritatis est sint doloribus. Esse sunt voluptatum culpa voluptatem totam id. Rerum quaerat et reiciendis inventore non.',
        '2020-08-13 19:01:44', '2021-08-12 21:44:18'),
       (14, 2, '489596946', 2, 4, 'Quia nihil debitis atque minus non vitae alias nesciunt.',
        'Possimus voluptatem aut omnis eius accusantium vel. Officiis reiciendis laudantium sunt soluta ut ea tempora. Aut ea omnis voluptas doloribus consequatur cupiditate voluptatem.',
        '2012-06-12 06:21:18',
        'Vero aut molestiae aperiam ea fugit officia qui. Et et voluptate tempore aut accusamus quia accusamus. Cumque dicta rem cumque modi omnis et.',
        '2020-11-28 13:29:36', '2021-08-12 21:44:18'),
       (15, 13, '63013130', 1, 7, 'Impedit repellendus sint est veritatis.',
        'Saepe quia voluptatum beatae enim. Illum voluptas accusamus qui ex et harum est. Aliquid est quis et tempore pariatur qui magni.',
        '2020-04-30 03:03:40',
        'Architecto placeat eum esse tenetur voluptatem placeat. Harum perspiciatis omnis tempora esse minima doloribus est. Explicabo quo iste eum et explicabo. Officiis adipisci similique reprehenderit dolore autem quidem.',
        '2020-11-06 07:05:47', '2021-08-12 21:44:18'),
       (16, 15, '2', 7, 3, 'Ullam omnis et iusto ut.',
        'Ratione quod harum provident autem consequatur fugit. Earum architecto dolor quo et reiciendis officia.',
        '2019-02-04 04:59:26',
        'Earum non ipsam eligendi quia quos minima asperiores. Non est excepturi dolorem eos ut deserunt at. Quia atque quasi sint voluptates dolorum iste animi.',
        '2020-09-25 01:16:26', '2021-08-12 21:44:18'),
       (17, 11, '42567', 2, 2, 'Fugit accusamus error et aut.',
        'Exercitationem aut in itaque ratione. Ad iure cumque neque accusantium eum itaque necessitatibus. Voluptate non maxime temporibus iusto pariatur.',
        '2017-01-20 11:47:57',
        'Et deleniti quia omnis. Et sunt sunt deserunt corrupti veritatis. In rerum maiores sint deserunt aut voluptatum ipsa. Molestiae rerum animi omnis eveniet.',
        '2021-05-16 12:49:02', '2021-08-12 21:44:18'),
       (18, 10, '3', 2, 9, 'Consequatur dolorem ut repellendus ut quibusdam ipsam aut.',
        'Porro sint aperiam laudantium nemo. Aut deleniti sit ratione aut. Dolore voluptate dolor laudantium placeat dolore quasi.',
        '2013-03-24 07:59:59',
        'Ad et rerum id debitis et. Natus ullam fugiat eius. Libero ut et iure modi minima explicabo et. Ad libero quia et consequatur enim et quam.',
        '2021-07-20 22:05:25', '2021-08-12 21:44:18'),
       (19, 2, '1703621', 5, 10, 'Natus in cumque earum expedita voluptatem sapiente placeat.',
        'Consequatur alias repellendus quia voluptas qui. Et quae adipisci iure inventore incidunt. Error deserunt aut aliquid consequuntur nesciunt consequatur cum accusamus.',
        '2015-08-29 19:15:15',
        'Tenetur inventore repellat quisquam quibusdam voluptas sed. Quae reiciendis odio eum delectus alias. Vero tenetur quia impedit.',
        '2020-08-19 11:55:00', '2021-08-12 21:44:18'),
       (20, 7, '2400974', 7, 9, 'Voluptatibus et consequatur expedita quam.',
        'Distinctio voluptas et dolorem totam quisquam ipsum velit quo. Sequi iusto aut et sapiente illum ut aut vel. Ut necessitatibus voluptate alias est eum. Voluptatem est temporibus non voluptates aut dolores est.',
        '2014-12-18 15:41:52',
        'Voluptates repudiandae eos provident inventore. Et autem praesentium nam ipsam commodi quaerat similique. Enim placeat tenetur ratione nobis id ut rerum. Expedita occaecati consequuntur veniam.',
        '2021-03-20 08:53:23', '2021-08-12 21:44:18'),
       (21, 15, '1703621', 3, 2, 'Est molestiae sit eos impedit corrupti.',
        'Odit qui aliquid tenetur. At deserunt voluptate sunt rerum eos tenetur.', '2011-09-04 12:21:01',
        'Ratione labore dolores quis suscipit molestiae quod fugiat quidem. Consequatur ut maiores vel sunt eos. Rem consectetur molestiae reiciendis ratione neque sed sed libero.',
        '2020-09-11 10:05:15', '2021-08-12 21:44:18'),
       (22, 4, '2', 3, 9, 'Nam sit quia quam omnis est sed.',
        'Quos sed aperiam fuga ut. Dolorem vero maiores delectus doloremque aliquid voluptate odit voluptate. Saepe vitae sit dolores cumque. Eius velit ut reprehenderit et quia animi iste.',
        '2014-09-20 17:30:52',
        'Et vel error dolore laborum. Minus repellendus voluptatem exercitationem blanditiis. Magni quos iusto aut saepe qui sapiente atque.',
        '2021-05-03 07:37:46', '2021-08-12 21:44:18'),
       (23, 15, '3', 3, 8, 'Assumenda adipisci ut esse.',
        'Voluptatem consequatur praesentium autem reprehenderit dolorem quaerat odio quasi. Ut cum deleniti earum dignissimos sed harum. Officia velit officiis excepturi dolorem culpa repellendus aut.',
        '2021-05-06 09:49:14',
        'Accusamus delectus culpa illo a. Id nobis sint quod et esse aspernatur asperiores. Delectus illo et ex eos.',
        '2021-06-25 05:22:14', '2021-08-12 21:44:18'),
       (24, 8, '489596946', 5, 6, 'Dolores recusandae cupiditate qui velit voluptas commodi.',
        'Saepe perferendis sint doloremque eum atque. Debitis mollitia sint nisi. Qui sed aliquam aut qui ut. Adipisci ea voluptas vero eligendi.',
        '2020-10-31 07:22:52',
        'Enim totam totam ad quo. Quis quae quia exercitationem repudiandae sit voluptatem mollitia. Qui saepe molestiae temporibus aspernatur dolores. Esse et nisi laboriosam ducimus impedit nemo.',
        '2021-03-17 03:46:00', '2021-08-12 21:44:18'),
       (25, 14, '91171091', 5, 1, 'Dolore quas voluptatum maxime.',
        'Aliquam aut necessitatibus tenetur debitis illo consequatur delectus. Quia nostrum quis labore voluptatibus similique at. Eligendi consequatur omnis harum quo aut in. Cupiditate iste itaque earum officiis. Rerum recusandae animi dignissimos natus eligendi',
        '2017-11-04 23:52:25',
        'Eos quaerat iure sint aut enim. Sapiente consequatur iste ab esse suscipit dolor. Consequatur accusantium repudiandae blanditiis asperiores odio est sit eaque. Est excepturi amet voluptates consequatur.',
        '2020-10-30 19:17:45', '2021-08-12 21:44:18'),
       (26, 14, '489596946', 5, 2, 'Voluptas dicta non non repellendus.',
        'Adipisci ab est ut nesciunt. Earum id voluptatem maxime pariatur. Consequatur asperiores tenetur sequi quia odit incidunt.',
        '2019-10-16 04:51:34',
        'Culpa culpa non est accusantium quasi voluptatem expedita. Voluptatibus qui mollitia eum sapiente est. Debitis ea voluptatibus at. Qui quam nihil possimus fugit saepe necessitatibus quo.',
        '2021-07-12 18:42:53', '2021-08-12 21:44:18'),
       (27, 4, '63013130', 5, 5, 'Aspernatur corporis culpa illum distinctio esse consequatur.',
        'Quod blanditiis eveniet aliquid officia dolorum. Dolorum id quia eveniet eaque praesentium soluta. Cumque alias voluptas recusandae qui quia explicabo ducimus commodi. Aut ipsum est tempora voluptatem molestiae ea.',
        '2012-01-20 11:24:46',
        'Illo et incidunt labore nulla et. Amet reiciendis iure ut non illo dolorem vel. Quasi ea est commodi nostrum.',
        '2021-07-29 21:00:57', '2021-08-12 21:44:18'),
       (28, 2, '1703621', 1, 2, 'Nesciunt est officiis aut minus aut id aut.',
        'Et rerum aut ipsam. Velit dolorem totam a molestias voluptas. Numquam corporis id est repudiandae. Sunt magnam incidunt et tempore voluptas quaerat laboriosam consequatur. Ratione quis voluptatibus tempora incidunt perferendis consequatur.',
        '2017-11-03 18:50:09',
        'Odit provident reiciendis aut quis reprehenderit suscipit. Mollitia ab assumenda voluptatem voluptatibus nihil saepe. Aspernatur ea est nobis non optio ut vel. Deleniti odit dignissimos quia harum repellat.',
        '2020-11-25 07:16:50', '2021-08-12 21:44:18'),
       (29, 14, '2400974', 4, 4, 'Alias sapiente debitis consectetur aut quia consequuntur.',
        'Consequuntur officiis omnis vel ut. Numquam rerum exercitationem deleniti. Occaecati facilis asperiores doloribus accusamus officia repudiandae quae. Et accusantium omnis molestias minus quasi distinctio atque. Necessitatibus sint earum a accusantium veri',
        '2015-10-16 16:33:17',
        'Provident itaque est aperiam. Earum beatae occaecati eum aut sint illum. Incidunt quidem incidunt quisquam quis aut placeat. Similique nihil suscipit quasi quia.',
        '2020-11-28 07:12:01', '2021-08-12 21:44:18'),
       (30, 11, '6188427', 7, 6, 'Maxime dolor quasi nulla facilis.',
        'Ea dolores autem et praesentium autem voluptatem. Velit vel laboriosam omnis. Non dicta harum magni.',
        '2013-02-19 10:09:35',
        'Placeat ipsa magnam aut est voluptate voluptatem nobis consequatur. Est nam rerum assumenda rerum distinctio eum. Praesentium odit placeat excepturi dolorum non voluptas modi. Et occaecati quod deserunt quo eaque itaque illo sed. Temporibus et inventore e',
        '2020-11-11 13:33:33', '2021-08-12 21:44:18'),
       (31, 3, '42567', 5, 6, 'Maiores consectetur iusto reiciendis harum occaecati.',
        'Beatae voluptatem in neque quam. Minus sunt expedita et in iure porro quidem. Illum neque aliquid quisquam iste quia dolore accusamus.',
        '2011-09-30 05:13:02',
        'Quia et dolores excepturi quidem. Sint odit voluptates suscipit praesentium numquam consequuntur. Eius sint autem blanditiis qui.',
        '2021-01-11 18:19:42', '2021-08-12 21:44:18'),
       (32, 6, '91600', 6, 2, 'Nisi minus aut veniam.',
        'Adipisci est est accusamus provident ut quidem officiis. Qui voluptas accusamus corrupti quaerat provident necessitatibus aut rerum. Id atque neque quae alias voluptatum.',
        '2017-05-26 21:21:01',
        'Id iusto dicta vero nulla suscipit. Assumenda earum soluta enim itaque ratione ut. Hic officiis sit nihil odit et facilis. Fuga ut qui ad qui est. Quaerat qui sunt ipsa ipsum necessitatibus et.',
        '2021-07-12 04:04:51', '2021-08-12 21:44:18'),
       (33, 15, '63013130', 7, 1, 'Voluptatem tempore a aut sed expedita facere.',
        'Sequi accusantium nesciunt fuga neque et. Ut alias soluta cumque aut. Delectus ut animi hic et et unde.',
        '2016-06-12 01:18:48',
        'Consequuntur excepturi esse et quos cum assumenda. Quo incidunt neque voluptas pariatur unde ea vitae. Perferendis voluptatem non minima.',
        '2020-12-28 15:21:33', '2021-08-12 21:44:18'),
       (34, 4, '91171091', 2, 9, 'Excepturi placeat soluta eum velit nobis.',
        'Aut non mollitia maiores perspiciatis repudiandae alias. Dicta aut velit ratione velit rem odio voluptatum. Aut minima hic incidunt possimus cum doloribus. Deleniti ex inventore fuga.',
        '2019-10-28 23:38:53',
        'Quia consequatur ex libero non. Est excepturi quas nobis praesentium nostrum. Eos rerum ducimus necessitatibus eos dicta et quos dolores. Aperiam sapiente recusandae sapiente fuga ad.',
        '2021-04-02 03:06:12', '2021-08-12 21:44:18'),
       (35, 11, '489596946', 1, 10, 'Alias veritatis unde est distinctio repellendus.',
        'Ratione qui explicabo quia. Unde tenetur quibusdam consequatur accusantium. Velit tenetur quaerat architecto facilis. Quisquam quae saepe expedita delectus voluptas.',
        '2012-02-14 10:39:20',
        'Quis mollitia optio est impedit dolor. Voluptatem repudiandae mollitia similique. Et nulla debitis eveniet autem.',
        '2020-08-14 12:32:00', '2021-08-12 21:44:18'),
       (36, 5, '6188427', 5, 2, 'Nihil voluptate laudantium vero id sapiente.',
        'Nemo veniam quis quia minus. Occaecati aut quidem exercitationem a quis. Quisquam earum culpa ratione hic aliquid ea natus. Id nemo optio eos blanditiis corporis placeat.',
        '2017-03-11 10:02:15',
        'Error libero reprehenderit sapiente aut dicta. Exercitationem consequatur ducimus ut ea ex quam enim. Perspiciatis quia pariatur eligendi tempore non voluptatibus. Perferendis sed totam occaecati sed qui fugiat esse dolor.',
        '2021-03-25 19:13:16', '2021-08-12 21:44:18'),
       (37, 10, '2', 4, 2, 'Aut explicabo cumque quae praesentium dolorem et.',
        'Enim neque deserunt in perspiciatis. Beatae aut veritatis doloremque a eaque eos sed. Iste inventore ab iste accusamus tenetur delectus fugiat sint.',
        '2017-01-09 11:46:01',
        'Error voluptas ea tempore est fuga rerum voluptatem. Dolores sit odit aut quas. Vel rem illum earum est qui omnis. Cupiditate aspernatur est perferendis.',
        '2020-08-28 00:34:25', '2021-08-12 21:44:18'),
       (38, 7, '91600', 1, 9, 'Eligendi saepe vitae dolor animi.',
        'Nobis quia veniam excepturi iusto. Omnis temporibus accusantium sed sequi quisquam expedita eius. Voluptatum laudantium natus nobis nobis voluptates totam totam.',
        '2013-03-24 10:34:43',
        'Et magni esse aut nulla mollitia dicta. Vitae provident impedit quae ut laudantium cupiditate. Ullam quo nulla modi quae sint. Eveniet reprehenderit aut facilis.',
        '2020-10-22 06:55:11', '2021-08-12 21:44:18'),
       (39, 15, '489596946', 4, 5, 'Inventore aliquam ipsa tempora laudantium hic est sed aliquid.',
        'Ea aut fugit minima iusto aliquam provident accusamus earum. Praesentium beatae aut non fuga temporibus dolor quos consequatur. Qui sed quia voluptatum temporibus reiciendis aut. Quis et vel ut dolores sed sit velit.',
        '2015-02-09 08:27:38',
        'Unde aut aut qui et quibusdam est. Quia et officia ut cupiditate earum. Omnis et dignissimos voluptatum est. Eaque magni unde voluptates et ut placeat iste. Nam quo maxime provident odit libero ratione.',
        '2021-07-01 12:13:17', '2021-08-12 21:44:18'),
       (40, 15, '91171091', 7, 6, 'Minus vel est a omnis qui.',
        'Aut eligendi corrupti commodi neque et sed. Odit consequatur sapiente consequuntur explicabo sapiente reprehenderit. Architecto quas dolore et ut perspiciatis quam distinctio. Dolorum iste qui molestiae sed.',
        '2019-04-21 17:51:27',
        'Corrupti sed qui dolore error numquam nulla aliquid est. Harum nihil voluptatem nemo numquam. Nulla minima sunt est similique corporis possimus.',
        '2021-05-24 23:11:44', '2021-08-12 21:44:18'),
       (41, 4, '63013130', 4, 2, 'Unde nihil excepturi corrupti porro.',
        'Ratione aut accusamus assumenda ut. Inventore ut explicabo est possimus rerum corrupti. Adipisci dolores voluptas ut odit qui. Qui ut repudiandae molestiae quibusdam tempore quia perspiciatis.',
        '2016-03-03 05:35:19',
        'Doloribus dolor placeat nisi fugiat quod. Molestiae ratione praesentium facilis sunt delectus. Veritatis veritatis error perspiciatis perspiciatis atque quo omnis.',
        '2021-04-21 16:48:32', '2021-08-12 21:44:18'),
       (42, 2, '1703621', 5, 6, 'Eos rerum in ut ratione.',
        'Est autem et non quis sed. Est ipsum omnis ut voluptatem reprehenderit.', '2019-09-11 18:40:14',
        'A consequuntur eligendi architecto aliquam in. Voluptas eligendi explicabo autem et cupiditate alias. Expedita aspernatur incidunt voluptates ducimus dolorem. Ipsa sapiente omnis quos cumque et.',
        '2021-06-17 12:37:07', '2021-08-12 21:44:18'),
       (43, 11, '1703621', 4, 10, 'Qui ea sed dicta sed soluta.',
        'Recusandae pariatur possimus dolores dolor. Nemo exercitationem rerum velit. Neque animi sit dignissimos aut ab ab.',
        '2019-03-18 13:37:11',
        'Accusantium tempora molestias ipsum est quo accusamus. Qui amet quia dignissimos distinctio cupiditate voluptatem a temporibus. Ut eius porro ut doloremque temporibus quo recusandae. Nemo explicabo non sit aut qui.',
        '2020-09-02 04:37:42', '2021-08-12 21:44:18'),
       (44, 6, '42567', 3, 4, 'Et aut quos natus.',
        'Nihil iure sit quod ut labore. Odio optio aliquid dicta quia dolore qui. Et voluptas error ipsa. Doloribus accusantium ipsa quo voluptatibus consequatur.',
        '2013-06-23 21:05:42',
        'Accusantium et dolorum ut unde. Dolorem aut autem aut dignissimos. Recusandae et perferendis alias quo beatae natus.',
        '2021-04-09 14:55:36', '2021-08-12 21:44:18'),
       (45, 15, '63013130', 3, 4, 'Dolor dolorum qui nihil ut voluptas.',
        'Quasi id cumque mollitia recusandae odio deleniti. Deleniti sit facere natus voluptatibus adipisci sed ut. Et consequatur qui autem iusto amet veritatis expedita. Ut enim sunt officia molestias non.',
        '2017-08-13 12:24:19',
        'Quisquam maxime molestiae est rerum ut suscipit error. Assumenda voluptate veritatis facilis molestiae. Et explicabo eius laborum delectus velit.',
        '2020-08-31 23:06:22', '2021-08-12 21:44:18'),
       (46, 9, '63013130', 2, 6, 'Autem qui voluptate quaerat et sunt.',
        'Consequatur dolores cumque magnam. Tenetur dolore ducimus vitae illo quis. Numquam id neque esse autem culpa neque aspernatur vero.',
        '2020-09-25 21:19:08',
        'Iure assumenda enim et non. Mollitia debitis voluptatem enim cum voluptas saepe saepe incidunt.',
        '2021-05-23 03:12:06', '2021-08-12 21:44:18'),
       (47, 13, '3', 6, 2, 'Exercitationem sint non excepturi a.',
        'Error minima voluptas velit. Natus debitis corporis sunt deleniti. Temporibus neque qui occaecati sed saepe ullam deleniti. Delectus alias ut consequatur itaque.',
        '2013-04-13 14:49:25',
        'Ex incidunt quibusdam in sed optio voluptas et. Rerum ipsam voluptas facilis. Rerum deserunt asperiores quia sit.',
        '2021-01-22 01:50:45', '2021-08-12 21:44:18'),
       (48, 9, '489596946', 6, 9, 'Illo vel quaerat reprehenderit impedit quod eos.',
        'Tempore reiciendis et aut dignissimos. Enim consequatur qui est. Nihil illum ut deserunt excepturi molestiae. Fuga qui vero nihil asperiores.',
        '2019-05-21 05:05:24',
        'Voluptas nostrum sunt amet quam consequatur quidem ducimus est. Sunt sapiente veritatis at tempora velit beatae. Doloribus dolor iure eum labore molestias odit.',
        '2021-06-30 17:43:10', '2021-08-12 21:44:18'),
       (49, 7, '2', 4, 5, 'Quibusdam voluptatem quasi quas blanditiis aut.',
        'Tempora ea velit officiis voluptas minima. Temporibus eligendi quod quo ipsa ratione delectus rem. Tempore blanditiis maiores quia ut reiciendis numquam.',
        '2012-11-30 18:23:00',
        'Repellendus aut illo cumque praesentium ut voluptates adipisci. Aut voluptas facilis ea facilis voluptas. Atque delectus sint est qui et quibusdam est. Occaecati quas ab illo aut fugiat et libero non.',
        '2021-05-07 12:46:14', '2021-08-12 21:44:18'),
       (50, 9, '2', 5, 4, 'Sed perferendis architecto nostrum a fuga.',
        'Nostrum odit eveniet dicta optio minima qui. Aliquid ratione aut aspernatur possimus. Exercitationem minima rerum voluptatem deleniti ut maxime. Reprehenderit quis dolorem omnis praesentium cum ut. Dolores odio atque rerum dolore dolorem.',
        '2018-01-29 12:42:17',
        'Ut laudantium omnis aut vel. Odit vitae eligendi dolorum est sunt in et. Porro temporibus sit id ut consequuntur accusamus. Officiis et quis aut et reprehenderit est repellat. Quae neque deserunt qui amet rerum rerum enim.',
        '2020-08-20 08:16:31', '2021-08-12 21:44:18'),
       (51, 12, '1703621', 7, 10, 'Delectus voluptatem voluptatem vero modi facilis qui repudiandae.',
        'Aut delectus amet aut quasi. Iure iste dolorem doloribus placeat. Voluptatem voluptatem aliquid quis voluptatum fugit saepe.',
        '2018-07-16 11:08:35',
        'Animi laboriosam reprehenderit tempore deleniti maxime eius id. Optio rerum nihil consequuntur esse dolorem. Quia omnis ea necessitatibus voluptas iusto facilis sit. Dolores ullam cumque harum necessitatibus iusto.',
        '2020-12-30 18:44:19', '2021-08-12 21:27:14'),
       (52, 7, '3', 3, 6, 'Voluptatibus dolorem placeat molestiae sunt culpa tempora reiciendis.',
        'Facere deleniti voluptatem fugiat nulla omnis odit doloribus consequatur. Eos est qui non voluptates vel quasi id. Voluptas architecto maiores harum molestiae qui harum dolores nihil.',
        '2014-09-06 23:52:00',
        'Molestiae dolorem iure ratione voluptas aut vel corporis. Maiores ut inventore similique harum architecto excepturi reprehenderit. Sed vitae possimus fugiat mollitia sint. Sequi ut consectetur numquam fuga voluptas rerum. Omnis consequatur cum enim neque ',
        '2021-05-21 04:33:41', '2021-08-12 21:44:18'),
       (53, 13, '91600', 4, 3, 'Delectus laborum nobis et veritatis.',
        'Dolores ea et quo. Tempora aut corporis fugiat aut. Sequi libero aut in tempore voluptatem. Sint ut dolores aperiam voluptas itaque sed dolores.',
        '2018-03-18 21:03:02',
        'Explicabo autem tenetur aperiam voluptatibus perferendis et iste. Quia quis odio blanditiis tenetur similique aut provident.',
        '2021-01-19 01:20:24', '2021-08-12 21:44:18'),
       (54, 6, '91600', 6, 10, 'Nihil quia deserunt iusto blanditiis.',
        'Adipisci architecto quas labore qui. Vel reprehenderit et eius in.', '2011-10-02 10:52:48',
        'Sapiente perspiciatis commodi nulla. Qui et eum facilis debitis. Est dignissimos ab dolorum placeat nihil. Dolor illo atque qui dignissimos voluptas excepturi ut. Quia at expedita amet animi est molestias.',
        '2021-03-13 14:22:42', '2021-08-12 21:44:18'),
       (55, 11, '91600', 2, 3, 'Soluta libero assumenda odit reprehenderit.',
        'Esse et repellat eaque ea. Ut eveniet itaque vero ducimus tempore rerum. Saepe unde est illum doloremque ut nostrum. Eveniet maiores et ducimus dicta dolor maxime.',
        '2019-12-28 09:23:26',
        'Eligendi dolorem aut animi numquam incidunt provident sed. Sed in et minima sint recusandae ratione voluptatum. Ullam vitae eum aut nemo in cumque quos. Sapiente esse in aut cum nihil nihil.',
        '2020-11-07 15:55:36', '2021-08-12 21:44:18'),
       (56, 13, '91171091', 4, 3, 'Voluptatibus ab repellendus vero et sint assumenda dolore repudiandae.',
        'Hic quidem reprehenderit cupiditate. Eligendi qui quia omnis id fugiat laboriosam. Laborum quas autem nemo magnam reiciendis quisquam et qui. Quas saepe numquam perspiciatis itaque et nam ea ullam.',
        '2018-01-21 06:16:01',
        'Facere atque incidunt minus iusto aut. Commodi facilis et sunt et at deleniti dignissimos. Voluptas impedit doloribus numquam quo officia iure dolorem.',
        '2021-03-03 20:33:51', '2021-08-12 21:44:18'),
       (57, 7, '6188427', 5, 7, 'Expedita corrupti inventore culpa rerum qui qui.',
        'Eos consequatur quis cumque deserunt aut. Neque atque ea facilis dolorem. Necessitatibus voluptatem iure corporis est. Adipisci veritatis sunt culpa id illum et nulla.',
        '2014-05-21 04:23:57',
        'Eum qui error quaerat aut odio et. Consectetur id non recusandae eos. Libero expedita cum sunt vel.',
        '2020-12-29 06:50:15', '2021-08-12 21:44:18'),
       (58, 11, '489596946', 2, 10, 'Sunt illo quibusdam autem at voluptas est maxime quisquam.',
        'Maxime nihil qui deserunt. Ipsum harum ipsam ut occaecati qui quia quia ratione. In explicabo omnis commodi minus quia.',
        '2012-12-03 11:11:43',
        'Error vero temporibus et deleniti repudiandae quia. Aliquid qui ducimus impedit aspernatur ad non iusto. Non inventore libero beatae commodi quas sunt culpa. Dolor aperiam quos labore sint error et exercitationem.',
        '2020-10-07 04:16:11', '2021-08-12 21:44:18'),
       (59, 1, '91171091', 7, 4, 'Deserunt assumenda consectetur dolorem est voluptatibus harum.',
        'Earum praesentium et labore excepturi consequatur aperiam. Quis dolor impedit quidem vel ad quam. Quia aliquid accusantium voluptatem non vel deserunt doloribus.',
        '2013-04-22 11:51:28',
        'Ipsam eum molestias eaque repudiandae quia qui mollitia. Qui ut debitis nihil voluptates minima harum enim. Et quisquam illo dolore fuga porro eum doloribus et.',
        '2020-11-16 06:13:03', '2021-08-12 21:44:18'),
       (60, 11, '3', 4, 3, 'Sunt consequatur vero consequuntur soluta perspiciatis numquam.',
        'Ut beatae non blanditiis in. Similique adipisci dolorum veritatis accusamus qui aut. Dolor voluptatem sit molestiae et. Facilis qui omnis dolore accusamus amet velit saepe.',
        '2020-07-31 12:46:57',
        'Id inventore autem quaerat ut. Voluptate qui totam aut reprehenderit. Explicabo delectus sit repellat temporibus exercitationem ipsam. Est accusantium dolorum et rerum corrupti aut sed.',
        '2021-03-24 22:19:26', '2021-08-12 21:44:18'),
       (61, 14, '2', 3, 10, 'Eveniet aut laudantium consectetur et.',
        'Est temporibus voluptatem beatae neque animi inventore. Officia est rerum sit ea nihil eaque. Quidem natus at officiis ducimus sequi. Illo architecto occaecati ad est nesciunt sit.',
        '2014-02-28 20:19:55',
        'Dolor aut adipisci sit quo magnam quia. Dolorum esse laborum molestiae culpa saepe in. Minus ut veniam impedit quae minima totam.',
        '2021-03-05 14:44:48', '2021-08-12 21:44:18'),
       (62, 8, '2', 1, 10, 'Suscipit dolorem molestiae quam et dolores est.',
        'Qui et sunt et rerum vitae ut. Consequatur sunt iusto debitis voluptatum saepe consequatur ut. Laborum nam alias quo odio est expedita nulla.',
        '2021-05-22 13:01:52',
        'Excepturi maxime sapiente aut ut est. Voluptatem officia animi quia sunt expedita optio. Dolorem odio in consequatur sit.',
        '2020-11-24 16:20:23', '2021-08-12 21:27:14'),
       (63, 15, '6188427', 3, 5, 'Unde et aut nobis et.',
        'Odio minima tempora praesentium quisquam ipsa sit aut. Inventore laboriosam repudiandae minus sed omnis consequatur. Qui quas quo suscipit delectus. Porro vel eveniet praesentium amet odio modi et.',
        '2012-08-22 00:20:22',
        'Vel atque hic rerum quo occaecati. Perspiciatis libero et reiciendis ducimus deserunt dignissimos sit. Et et et esse et quisquam.',
        '2021-06-25 06:26:33', '2021-08-12 21:27:14'),
       (64, 10, '489596946', 4, 1, 'Voluptatum cum cupiditate et cupiditate voluptatem.',
        'Qui id velit itaque possimus vitae omnis. Odit sed aut quam dolores. Recusandae sint facilis magni optio assumenda provident voluptatibus. Ad eius laboriosam error accusantium nostrum. Est iusto qui perspiciatis quasi vel.',
        '2016-06-16 21:09:54',
        'Aut velit sed nihil aperiam. Velit reiciendis maxime omnis dolores atque quo perspiciatis. Aut voluptas temporibus fugit perferendis a autem.',
        '2021-05-12 21:07:00', '2021-08-12 21:44:18'),
       (65, 9, '91600', 3, 6, 'Voluptate sint et doloremque doloribus.',
        'Non sint voluptate ea cum et officia dignissimos soluta. Quibusdam explicabo provident culpa similique qui omnis. Necessitatibus rerum atque in quia nam aut.',
        '2020-04-28 17:53:38',
        'Mollitia rem eos commodi reiciendis natus maxime cumque. Ipsam pariatur et incidunt voluptas sapiente. Exercitationem et voluptatum quod.',
        '2021-04-30 23:22:29', '2021-08-12 21:44:18'),
       (66, 8, '489596946', 6, 10, 'Qui magni ut libero et.',
        'Nihil illum vero occaecati repudiandae dolorum quasi nulla molestiae. Libero soluta saepe laboriosam. Qui delectus tenetur beatae. Sunt sed voluptas laborum quisquam non quis earum.',
        '2021-07-13 03:50:24',
        'Consequuntur id perferendis aut consequatur ut odio. Tenetur praesentium ut aliquam sit amet odio quia delectus. Est nesciunt laudantium quibusdam voluptas necessitatibus.',
        '2021-01-15 01:01:01', '2021-08-12 21:44:18'),
       (67, 6, '42567', 1, 5, 'Modi velit quo praesentium vel laboriosam.',
        'Nihil eum voluptas porro odit tenetur. Vitae sit et ratione tempora nam iste repudiandae. Accusamus natus et dolor voluptates voluptas asperiores.',
        '2012-06-29 14:34:19',
        'Iste dolor qui cumque voluptatum vel aut. Quo voluptate aut ut ea qui. Dignissimos numquam corrupti veritatis praesentium.',
        '2020-08-31 07:27:49', '2021-08-12 21:44:18'),
       (68, 6, '2', 6, 3, 'Soluta voluptas officia laborum molestiae.',
        'Corporis at laborum debitis quas odit voluptatem. Eveniet suscipit et nemo. Accusantium est accusantium molestiae ipsum quo aut consequatur.',
        '2012-03-08 12:42:38',
        'Quam non necessitatibus id nostrum officiis amet. Quia non perspiciatis et in adipisci possimus.',
        '2021-03-11 10:26:46', '2021-08-12 21:44:18'),
       (69, 6, '42567', 7, 9, 'Adipisci reiciendis hic ad ut officiis atque.',
        'Dolor doloribus soluta qui aspernatur enim ipsum. Amet asperiores consectetur aut. Repudiandae vel deleniti incidunt ipsum suscipit. Aut rerum ut autem nam sed. Beatae quas sunt quis nam impedit assumenda magni.',
        '2020-02-13 14:17:15',
        'Officia voluptatem qui aperiam culpa. Voluptatibus ipsam quis ut non nisi possimus occaecati. Itaque aut quam unde quo non sunt occaecati.',
        '2020-12-23 23:01:28', '2021-08-12 21:44:18'),
       (70, 7, '91171091', 6, 9, 'Aliquid unde neque occaecati est repellat.',
        'Rerum deleniti sunt eum ut. Cum non delectus earum omnis corporis. Asperiores est aut minima ut error porro voluptatem. Sequi mollitia velit rerum ut in.',
        '2019-05-19 03:20:18', 'Rerum nisi corrupti aliquam repellat. Culpa aspernatur ut facilis id totam.',
        '2020-08-29 19:04:26', '2021-08-12 21:44:18'),
       (71, 2, '2400974', 7, 2, 'Quia cupiditate odit dolorem voluptates qui.',
        'Perferendis blanditiis enim molestiae nostrum asperiores. Amet quia enim perspiciatis pariatur consequatur natus enim a. Distinctio optio fuga sit aut aspernatur.',
        '2016-08-27 12:30:44',
        'Sequi libero omnis corrupti quidem. Tenetur dolores voluptatum accusantium excepturi natus. Doloremque repellendus sunt non at.',
        '2020-10-01 00:14:33', '2021-08-12 21:44:18'),
       (72, 14, '2400974', 2, 5, 'Et cupiditate consequatur cumque tempore dolor.',
        'Consequatur et corporis laborum nostrum quas quae quae. Consequuntur ex aut velit nobis molestiae ab. Illo magnam atque harum omnis consequatur. Porro facilis esse earum natus molestias.',
        '2015-09-12 06:15:16',
        'Autem dolorem perferendis dolorem placeat voluptatem iste et. Molestiae ratione voluptatem aut est. Reprehenderit officia hic rerum. Odio quis impedit asperiores et.',
        '2021-05-08 20:10:16', '2021-08-12 21:44:18'),
       (73, 5, '6188427', 4, 9, 'Quia facilis nulla consequatur labore qui aut.',
        'Quae est eius debitis dolor corrupti. Consequuntur pariatur necessitatibus culpa ut magnam voluptatibus. Suscipit pariatur pariatur architecto tempore doloribus qui.',
        '2018-02-14 10:41:56',
        'Et quis dolor dolorum cupiditate. Placeat nihil sit quasi architecto. Reprehenderit et sint quibusdam vero deserunt. Veritatis atque odit veritatis.',
        '2021-02-16 05:39:14', '2021-08-12 21:44:18'),
       (74, 13, '6188427', 3, 2, 'Soluta necessitatibus recusandae nisi ut.',
        'Laborum qui quidem nisi numquam rerum mollitia. Et ut commodi quos minus.', '2013-03-09 14:42:23',
        'Et id consectetur eius quia hic ut iusto. Veniam qui ut beatae est ullam modi ab. Et deleniti aperiam ipsum dolor consequuntur accusantium.',
        '2020-08-16 19:26:33', '2021-08-12 21:44:18'),
       (75, 12, '3', 4, 10, 'Velit omnis accusamus autem molestiae.',
        'Delectus quod vero ad beatae repellendus dolor omnis. Accusamus aut sunt non temporibus autem. Sequi amet mollitia tenetur expedita.',
        '2015-03-14 02:38:44',
        'Rerum excepturi delectus consequatur. Ut temporibus sit sapiente dolore sed dolor eos. Molestias dignissimos accusamus quo perspiciatis a deserunt.',
        '2021-04-26 11:36:39', '2021-08-12 21:44:18'),
       (76, 3, '91171091', 4, 2, 'Magni perferendis perspiciatis omnis repellendus.',
        'In doloribus omnis at dolorem. Iure natus et quo omnis temporibus dignissimos totam. Laboriosam molestias non minus officiis quibusdam culpa doloribus. Non impedit quidem est aut.',
        '2015-10-26 16:51:20',
        'Aut similique dolores assumenda et est. Hic quas harum quibusdam placeat sit repudiandae.',
        '2021-05-02 06:06:47', '2021-08-12 21:44:18'),
       (77, 6, '91600', 6, 3, 'Eum hic a voluptatem est culpa.',
        'Dolorem fugit adipisci porro soluta nihil. Et illum itaque libero facere asperiores unde hic. Dolor sed et nostrum esse dolore repellendus esse.',
        '2014-04-25 20:24:18',
        'Ut consectetur et et libero magni soluta. Culpa eligendi numquam ab eum rerum temporibus. Doloremque vero omnis quia eius. Perspiciatis magni perspiciatis et quisquam explicabo id et.',
        '2021-02-15 16:04:36', '2021-08-12 21:44:18'),
       (78, 4, '2400974', 1, 6, 'Debitis dolorem aliquid quos quaerat perspiciatis ut alias ipsam.',
        'Dolorem voluptas corporis voluptatem vero sunt qui. Sit porro dolor maxime qui.', '2013-01-20 02:27:03',
        'Qui voluptas dignissimos neque doloremque aspernatur laboriosam hic. Dolor nobis totam incidunt illum quod reiciendis voluptatibus facilis. Sunt saepe sequi ut omnis quasi est eum exercitationem.',
        '2020-09-27 18:53:02', '2021-08-12 21:44:18'),
       (79, 4, '489596946', 2, 2, 'A quo sit qui eveniet.',
        'Earum qui qui doloremque aspernatur et maxime omnis. Et amet molestias ut sed et. Perspiciatis nobis voluptatibus iure labore ipsam iste.',
        '2013-03-07 03:16:16',
        'Voluptas earum cupiditate voluptas eum alias possimus. Accusamus libero est odit accusamus ut. Repellendus quia et hic praesentium praesentium.',
        '2021-06-02 20:08:25', '2021-08-12 21:44:18'),
       (80, 9, '91600', 3, 4, 'Consequatur et ducimus fugit quia vel cumque et tempore.',
        'Deserunt alias tenetur eum sapiente. Odio qui nisi tempore doloremque vero quasi. Molestias quisquam corporis voluptas deleniti quia natus cum.',
        '2014-04-05 18:56:33', 'In et atque debitis quia quis et. Aperiam sed sunt ratione sed itaque nihil.',
        '2021-03-11 13:38:22', '2021-08-12 21:44:18'),
       (81, 14, '63013130', 6, 6, 'Facilis sed velit dolores vel dolor accusamus.',
        'Quia aut dolores veritatis sunt quae. Amet explicabo aut porro sint aperiam aperiam. Atque quo sunt nemo voluptate accusantium qui voluptatem.',
        '2011-10-01 11:05:11',
        'Nihil harum ab consectetur id. Dolor rerum sapiente officia ea aut sit. Dolorum quia omnis nobis harum qui. Voluptatem consequatur et reiciendis.',
        '2021-01-21 03:23:17', '2021-08-12 21:44:18'),
       (82, 12, '3', 4, 5, 'Quod voluptatibus debitis qui quod enim quos eveniet.',
        'Aut commodi soluta maxime nam. Unde voluptatem quisquam molestiae ducimus eaque. Omnis molestiae veritatis sint ut.',
        '2021-06-19 11:04:09',
        'Distinctio eum quaerat voluptatem qui cumque. Nihil quaerat nesciunt et rerum. Qui ipsum possimus voluptatum et cum quas. Ex asperiores qui alias nulla.',
        '2020-12-05 13:08:24', '2021-08-12 21:44:18'),
       (83, 2, '91171091', 2, 6, 'Tenetur accusantium quos dolorem et hic.',
        'Laborum illo dolore maxime consequatur delectus. Pariatur magni cupiditate dolorem vel eos ab. Tempora perspiciatis accusantium ut ullam optio.',
        '2019-07-02 23:51:16',
        'Architecto ut exercitationem architecto esse. Optio consequatur quo animi minus error voluptatum. Vel at voluptatem tempore et id ut et. Voluptas nemo tenetur natus earum velit aut iste.',
        '2020-10-20 10:19:04', '2021-08-12 21:44:18'),
       (84, 1, '2400974', 4, 5, 'Molestiae voluptas qui doloribus non corporis maxime assumenda.',
        'Ad minima iste voluptas cum. Nisi culpa molestias ea ea dolore. Eius voluptates omnis voluptatibus aliquam omnis.',
        '2012-05-22 21:11:06',
        'Consequatur adipisci distinctio rem. Commodi vero iusto quod vel ut quia enim. Quia ipsum quo aut laborum fugit alias fuga. Repudiandae dolorem mollitia et perferendis.',
        '2020-08-14 20:52:02', '2021-08-12 21:44:18'),
       (85, 5, '91171091', 7, 1, 'Consequatur voluptas minima similique.',
        'Aut et exercitationem qui eligendi dolor dolores explicabo voluptatibus. Corporis numquam laborum maiores distinctio sunt. Quo praesentium voluptatem molestiae similique aut. Voluptate est qui consequatur accusantium possimus.',
        '2019-05-27 10:42:50',
        'Consectetur consequatur deleniti et dolor. Est et est et maiores soluta quibusdam. Assumenda nam earum amet porro.',
        '2021-03-16 00:35:50', '2021-08-12 21:27:14'),
       (86, 12, '1703621', 1, 2, 'In voluptas pariatur impedit delectus unde.',
        'Et quod laborum nihil aut sint dolores et. Tenetur occaecati doloribus porro veritatis. Omnis mollitia eos ducimus blanditiis porro quo asperiores et. Beatae dolorem omnis et animi voluptas.',
        '2014-10-31 19:47:35',
        'Expedita cum deserunt ut aperiam dolores debitis dignissimos. Deserunt blanditiis laudantium ipsam minus voluptatem. Id quis adipisci fugiat sapiente iure eligendi. Doloribus rerum rerum rerum velit dolores est.',
        '2021-02-05 00:19:19', '2021-08-12 21:44:18'),
       (87, 8, '91600', 2, 1, 'Exercitationem nesciunt temporibus consequuntur voluptatem mollitia vitae.',
        'Quae iure at architecto. Architecto consequatur officiis eos error. Eum sapiente voluptatem voluptates odio. Explicabo nihil quis accusamus sequi ut.',
        '2015-06-17 12:14:04',
        'At suscipit est aut et ut quia. Voluptas possimus voluptas officia laborum. Ratione possimus excepturi accusamus doloribus doloremque. Ut libero illo non ipsa earum.',
        '2021-06-16 03:00:49', '2021-08-12 21:44:18'),
       (88, 15, '489596946', 1, 4, 'Perspiciatis iure voluptatem provident magnam nulla hic voluptatem.',
        'Et occaecati soluta maxime et corrupti est tempora. Nihil tempore quam in assumenda saepe sit. Architecto officiis aut et. In molestias reprehenderit iste adipisci ea.',
        '2018-04-08 13:22:34',
        'Sed voluptates minus necessitatibus itaque. Laboriosam laboriosam voluptas dolorem voluptas qui et accusantium. In eligendi accusamus et esse perspiciatis occaecati. Accusantium deleniti natus dolor aliquam nihil.',
        '2021-06-16 01:02:34', '2021-08-12 21:44:18'),
       (89, 9, '1703621', 3, 1, 'Aut ratione incidunt possimus ea nihil.',
        'Repudiandae cumque dolorem non aut mollitia voluptatem sit. Doloribus numquam maiores atque. Sit eos dolores modi officia ea hic sapiente. Eum et voluptas tempore eaque eveniet tenetur.',
        '2021-02-18 08:25:31',
        'Exercitationem aut distinctio sint et qui dolore consequuntur. Autem facilis amet eveniet. Id consequatur voluptatem voluptatem maiores officiis ab autem et. Nostrum velit facilis qui id beatae quia et.',
        '2021-04-09 16:23:07', '2021-08-12 21:44:18'),
       (90, 12, '6188427', 7, 10, 'Sed quis assumenda incidunt voluptas eos.',
        'Unde dignissimos repudiandae enim inventore. Mollitia quibusdam optio amet eum. Natus dolor fuga et aut.',
        '2013-07-19 04:08:28',
        'Quo consequatur ut quis non modi occaecati ratione. Ratione molestiae et in omnis. Veniam placeat qui eos omnis accusamus. Itaque magni totam quia est sunt sapiente labore.',
        '2021-03-20 22:58:41', '2021-08-12 21:44:18'),
       (91, 13, '91600', 2, 1, 'Eum ut quas et expedita voluptates.',
        'Hic vel ad quis eum rerum nihil. Distinctio nostrum quis deserunt et. Eos deleniti quia ea officia voluptate aut.',
        '2019-12-23 14:53:29',
        'Sunt ut eum eos dolores veniam. Accusantium at non repudiandae. Id harum omnis ad omnis quaerat. Ut commodi sint est maxime.',
        '2021-01-23 19:10:19', '2021-08-12 21:44:18'),
       (92, 13, '2', 2, 1, 'Quisquam sit voluptatem sed aliquid aliquid et velit.',
        'Ut vel perferendis et ut ut officia unde. Vel maxime deserunt aut. Nihil et ut aut non qui omnis repudiandae.',
        '2019-09-26 03:23:25',
        'Ut sit aut sint tenetur ipsum eaque quidem. Error aperiam minima nesciunt expedita. Officiis unde totam incidunt rerum suscipit commodi quod modi. Autem illo alias non quisquam consectetur inventore.',
        '2020-08-16 07:02:58', '2021-08-12 21:44:18'),
       (93, 14, '63013130', 7, 2, 'Quasi ab tempora tenetur.',
        'Minima quae laudantium quaerat quod illum possimus aspernatur tempore. Voluptas omnis id provident facere consequuntur officia incidunt. Rerum sint perferendis aut officia.',
        '2017-12-19 05:32:19',
        'Facere minus consequatur iure qui temporibus. Magni aut non at fugit. In dolores consequuntur porro reiciendis.',
        '2020-10-20 13:02:03', '2021-08-12 21:27:14'),
       (94, 9, '42567', 2, 3, 'Qui rerum aut voluptatum aliquid ut.',
        'Incidunt rerum quibusdam consequatur perspiciatis. Cumque vero aperiam molestiae nemo cum esse. Quia nulla debitis aspernatur numquam. Veritatis asperiores omnis accusamus in quas dicta.',
        '2017-01-02 02:18:37',
        'Aspernatur omnis non corrupti quia. Recusandae omnis voluptatem explicabo qui est. Quos non quisquam dolores a error quo perferendis. Sapiente et officia consequatur sapiente reprehenderit alias hic omnis. Est aspernatur aut facilis rerum minima.',
        '2021-05-27 04:54:46', '2021-08-12 21:44:18'),
       (95, 3, '91600', 7, 7, 'Rerum rerum ex quasi qui.',
        'Et quas enim sed dolor rerum eveniet. Minima reprehenderit doloribus magni. Veritatis dolores nesciunt molestiae harum fugiat harum. Deleniti voluptatem a excepturi.',
        '2018-06-17 10:54:38',
        'Consequuntur iure est odit laboriosam qui consequatur ut. Sit laborum quasi earum possimus aut.',
        '2021-01-03 17:38:03', '2021-08-12 21:44:18'),
       (96, 6, '2400974', 1, 5, 'Alias id et nostrum veniam fugiat.',
        'Quisquam officia totam non. Similique sunt quaerat laborum. Sit labore totam voluptatem quia.',
        '2015-01-02 01:39:28',
        'Provident quia dolorem blanditiis ut fuga. Omnis hic ratione adipisci quae praesentium qui consequatur. Nesciunt sed eveniet qui qui fugiat asperiores recusandae.',
        '2021-05-05 23:24:07', '2021-08-12 21:44:18'),
       (97, 9, '489596946', 5, 3, 'Et doloribus placeat sint fuga.',
        'Sed nobis nesciunt amet molestiae adipisci. Sequi aperiam odit sunt corporis. Et odit eveniet temporibus.',
        '2013-10-07 22:48:30',
        'Dolor ea placeat commodi totam vitae. Impedit repellendus perspiciatis at inventore non laborum qui necessitatibus. At beatae amet et esse dolor corrupti in.',
        '2020-09-22 05:52:40', '2021-08-12 21:44:18'),
       (98, 4, '6188427', 3, 3, 'Praesentium omnis labore omnis debitis et vero nam eos.',
        'Quos ea voluptate dolore sint voluptate omnis modi. Nam iure praesentium maxime illum est et. Nihil magni sit officia sint esse. Velit et sint soluta et enim.',
        '2013-03-04 13:58:06',
        'Voluptatum quia provident autem deleniti. Sint reprehenderit nisi eius et. Et porro quo doloribus cupiditate voluptas. Molestiae rem a magni voluptatem soluta quas optio.',
        '2020-09-23 15:58:37', '2021-08-12 21:44:18'),
       (99, 14, '6188427', 4, 7, 'Quia beatae quidem dolor dolore.',
        'Omnis laborum ratione est voluptatem voluptatem error. Enim sed sit libero quis. Ipsam voluptatem minima saepe sit velit quo. Rem necessitatibus sit est molestiae quam. Molestiae libero reiciendis quidem aut.',
        '2015-09-09 21:49:51',
        'Maxime alias consequatur fugit veritatis ratione voluptatibus ipsam aliquid. Dolor perferendis deserunt ducimus architecto. A rerum ut autem fugit quaerat nisi odit.',
        '2020-08-18 08:47:51', '2021-08-12 21:44:18'),
       (100, 10, '63013130', 3, 1, 'Culpa sequi et quasi non quibusdam est.',
        'Qui libero ut itaque omnis quisquam blanditiis explicabo porro. Mollitia aliquid quia at molestiae. Ut dolorum eligendi minima iste. Maiores et eaque nisi consectetur dolorem quidem.',
        '2013-01-04 15:48:13',
        'Ea officia exercitationem corporis accusantium quas id minima laborum. Cum dolore vero consequatur perspiciatis eum consequatur. Sit veniam molestias sed perferendis rem consequuntur iusto natus.',
        '2020-10-19 19:53:29', '2021-08-12 21:44:18'),
       (101, 10, '42567', 2, 8, 'Fugit autem voluptatem officia ut perspiciatis voluptatibus ut.',
        'Quaerat animi accusamus rerum qui. Alias mollitia id mollitia non. Mollitia ullam excepturi enim fuga. Est nobis reprehenderit cupiditate eum aut veniam cum sunt.',
        '2019-01-03 06:18:27',
        'Corporis et rerum delectus vel praesentium nesciunt sit voluptatibus. Reiciendis excepturi amet placeat alias dolores perferendis in. Repellat consequatur expedita vitae fuga dolores non. Qui autem voluptate consequatur autem est.',
        '2020-08-29 17:07:59', '2021-08-12 21:44:18'),
       (102, 2, '42567', 3, 4, 'Et vel corporis magnam.',
        'Consectetur dolores et reprehenderit sint reprehenderit tenetur. Ex deleniti rem officia enim esse sit nam natus. Dolores molestias dignissimos officiis culpa porro. Omnis rerum omnis error repellendus exercitationem. Sed rem at harum aspernatur.',
        '2021-03-24 08:02:56',
        'Ratione totam enim ut doloribus aspernatur autem. Exercitationem ut error et dicta modi sunt. Esse dolorem autem hic corrupti possimus delectus. Fugit sit et ut et odit consequatur. Et ipsum labore ea culpa eius et aperiam.',
        '2020-08-18 16:55:49', '2021-08-12 21:44:18'),
       (103, 15, '91600', 1, 2, 'Asperiores possimus qui magni ratione omnis voluptate sed velit.',
        'Velit distinctio autem officiis veritatis incidunt ut corrupti. Non eaque sunt iste perspiciatis corporis. Ut ea magnam vitae cupiditate commodi ratione. Voluptatem quos voluptatem debitis ut.',
        '2020-04-29 22:55:39',
        'Quis omnis vitae aliquam repellat. Aperiam unde quia corrupti quia omnis omnis est. Omnis optio dolorem officia nihil voluptas. Dignissimos sed quasi id.',
        '2021-03-28 13:15:08', '2021-08-12 21:44:18'),
       (104, 9, '3', 1, 6, 'Est sequi magni optio tempore.',
        'Ipsa quaerat beatae amet accusantium placeat. Iusto omnis ex corporis expedita. Corporis nesciunt totam voluptatibus cum consequatur.',
        '2019-02-18 10:32:40',
        'Dignissimos repudiandae non ad dolore qui. Aut mollitia sed aspernatur. Officia ipsam sed nobis incidunt aliquid. A sunt ducimus debitis sed consequatur dolore.',
        '2021-08-07 05:23:46', '2021-08-12 21:44:18'),
       (105, 1, '6188427', 6, 3, 'Autem blanditiis inventore quidem voluptas repudiandae illo.',
        'Minima eligendi dolor dolores dolorem nemo cum dolores quisquam. Voluptatem sed harum et odio sit tenetur iure quos.',
        '2015-10-31 15:33:58',
        'Nihil et veniam labore consequatur. Et qui dignissimos modi velit accusamus et iure. Quas laudantium ut molestiae placeat temporibus. Id eligendi quia sint autem delectus necessitatibus et dolor.',
        '2021-05-05 13:37:57', '2021-08-12 21:44:18'),
       (106, 15, '2400974', 4, 6, 'Corrupti itaque cumque ducimus libero similique nemo velit voluptates.',
        'Eius consequuntur facilis maxime. Dolorum iusto non quas modi beatae. Mollitia eius alias iste expedita quaerat sit. Quo non non esse nulla.',
        '2020-09-26 03:06:13',
        'Aut rem quod enim enim. Hic qui dolores qui ab. Temporibus eos ut enim ullam et eos in. Non corporis sed unde eaque sint. Hic alias nostrum voluptas consequuntur et.',
        '2021-02-27 09:37:49', '2021-08-12 21:44:18'),
       (107, 10, '6188427', 6, 10, 'Qui corrupti dolorem sunt dolores nobis rerum totam quod.',
        'Alias corrupti doloribus modi ea enim iure fugit. Tempora architecto natus aut assumenda facere nostrum. Sit architecto illo quaerat facere dolorem expedita cum. Et aliquid blanditiis fuga commodi aut libero. Sunt voluptates asperiores facilis iste eaque ',
        '2021-07-18 18:16:45', 'Aut eligendi veniam explicabo a. Qui omnis aut repudiandae magnam.',
        '2021-03-28 20:30:29', '2021-08-12 21:44:18'),
       (108, 12, '489596946', 4, 10, 'Animi quibusdam perferendis iusto omnis.',
        'Aliquid saepe voluptatem tenetur necessitatibus aut quas rerum. Id et cum ea similique. Iusto quos ea aliquam est. Illum sit fugit consectetur libero provident nesciunt placeat.',
        '2020-02-21 11:56:20',
        'Ullam et soluta laudantium qui vitae minima mollitia maxime. Eveniet ut ullam at est alias dolores ut minus.',
        '2021-03-28 06:58:03', '2021-08-12 21:44:18'),
       (109, 5, '489596946', 1, 6, 'Eum et aspernatur odio qui.',
        'Doloribus minima aliquid et ratione beatae id. Suscipit deleniti tempora hic minus qui illo qui. Qui et sint similique. Ipsum veniam non doloribus sint.',
        '2017-08-22 20:12:49',
        'Ipsum molestiae recusandae nesciunt reiciendis. Quam et ipsa esse sed illo et placeat. Nihil iure reiciendis repellat similique qui et ratione.',
        '2021-05-01 06:50:05', '2021-08-12 21:44:18'),
       (110, 6, '42567', 4, 8, 'Enim quasi ipsam cum quo rerum magnam quas.',
        'Et itaque asperiores repellat blanditiis enim. Est voluptas id dignissimos id sint. Vel similique repudiandae hic quas aut labore amet.',
        '2020-02-16 12:30:24',
        'Ut minima blanditiis in quas id omnis nulla. Animi vitae labore aut veniam eveniet. Aspernatur fuga dolores fugiat ullam vero consectetur tenetur omnis.',
        '2021-01-12 20:35:29', '2021-08-12 21:44:18'),
       (111, 11, '3', 5, 3, 'Sit mollitia totam enim quis cupiditate quaerat.',
        'Repudiandae molestiae minima quas dolorum. Repellat omnis officiis enim saepe nihil quaerat ipsum. Est aut qui repellendus aut et neque iste consequatur.',
        '2014-07-25 01:55:49',
        'Quos cumque eum dicta id ex accusantium. Dolorem labore iusto hic corporis omnis ea laudantium. Vel assumenda reprehenderit voluptatem ut id voluptas.',
        '2021-02-27 22:55:36', '2021-08-12 21:44:18'),
       (112, 11, '2400974', 5, 9, 'Commodi cupiditate consequatur fugiat ut.',
        'Voluptatem rerum ducimus explicabo asperiores et. In rem ut aut porro. Laboriosam corporis et doloremque possimus dolor incidunt perferendis.',
        '2016-03-24 06:20:36',
        'Consequatur nesciunt maxime quos voluptas ipsum. Nostrum nemo repellat ut est blanditiis. Quia est consequatur autem libero perspiciatis maxime et perferendis.',
        '2020-08-28 16:58:21', '2021-08-12 21:44:18'),
       (113, 15, '42567', 7, 1, 'Dolores id odit qui vitae nam placeat aut unde.',
        'Minima maxime voluptate ut asperiores. Ad nihil et ducimus. Assumenda et soluta quod repellat nisi.',
        '2020-12-10 02:45:07',
        'Placeat architecto quia commodi dolores. Nam dolores cum qui natus. Veniam odio ex aliquam earum maiores velit. Eos nam est quidem fugit vero omnis quae.',
        '2020-12-04 06:16:38', '2021-08-12 21:44:18'),
       (114, 10, '489596946', 1, 9, 'Blanditiis hic rem voluptas voluptates ut et ut.',
        'Officia error et mollitia. Incidunt at voluptatem dicta sint. Ut alias esse qui.', '2018-04-26 19:48:12',
        'Eum fugit rerum alias quia est voluptates. Id in rem vel ullam. Itaque id molestiae molestiae quaerat.',
        '2020-11-19 19:54:44', '2021-08-12 21:44:18'),
       (115, 9, '489596946', 4, 2, 'Deleniti vel rerum hic in.',
        'Voluptatum aut vel repudiandae architecto ut mollitia voluptas. Sit voluptatibus molestias tempore recusandae quis cum. Enim sit explicabo enim delectus voluptatem.',
        '2012-11-20 02:32:00',
        'Eum quod non quisquam aut quia. Fuga est ut sit voluptatem omnis quibusdam aliquid eveniet. Qui vel qui ipsam ab quasi. Qui ut ab ut tenetur impedit autem. Consequatur id ut dolore expedita.',
        '2021-02-22 06:16:48', '2021-08-12 21:44:18'),
       (116, 8, '42567', 6, 1, 'Sit qui sit perferendis tenetur ut nostrum sit et.',
        'Maxime voluptatem accusantium natus dolor omnis sint quod. Delectus qui odio quia deserunt rem optio fuga. Delectus autem fuga voluptas recusandae earum rerum sint. Tempora asperiores et distinctio quae non illo.',
        '2013-07-04 00:24:31',
        'Odit architecto molestiae quia. Laboriosam unde consequuntur ut ut atque. Libero fuga nobis iure a accusantium.',
        '2020-09-28 18:29:01', '2021-08-12 21:44:18'),
       (117, 7, '6188427', 7, 6, 'Voluptatem magnam et doloremque eos officia.',
        'Ex aut pariatur est fugit nulla magni quibusdam. Nobis voluptatem nihil rerum quibusdam placeat ut. Eveniet et repellat rerum ea et.',
        '2018-03-15 02:49:15',
        'Eaque culpa dolore ipsa dolores. Quos delectus voluptate eos laboriosam voluptatem. Beatae ratione iste dolorem illum totam. Autem voluptatibus at quia iusto.',
        '2021-01-27 21:12:45', '2021-08-12 21:27:14'),
       (118, 3, '91600', 3, 5, 'Reiciendis nihil optio qui assumenda rerum quam ea.',
        'Est hic commodi soluta nostrum eaque aliquam. Accusamus nemo et doloremque reiciendis dolor nulla. Ipsam recusandae cum labore est veniam qui molestiae sed. Doloremque sint tempora et tempore voluptatem.',
        '2013-06-21 22:14:11', 'Quae est culpa laborum. Culpa alias consequatur quis labore. Iusto et sit quis.',
        '2020-09-01 23:07:58', '2021-08-12 21:44:18'),
       (119, 4, '91171091', 2, 2, 'Voluptas dolorem et mollitia et nam.',
        'Facere amet et animi mollitia voluptate. Nam quis vero dolorem ipsum. Nulla animi nemo at ducimus sunt aspernatur est rerum.',
        '2015-02-06 16:50:55',
        'Quos repellat nihil est dignissimos corrupti et. Reprehenderit sit iure et sunt explicabo sunt ipsum. Nisi aliquam ut maiores harum. Provident ut neque voluptatem ut fuga ad laudantium.',
        '2021-01-02 08:52:09', '2021-08-12 21:44:18'),
       (120, 5, '63013130', 2, 10, 'Et iste delectus exercitationem id nam.',
        'Praesentium nam sequi earum accusantium. Voluptates et dolore velit. Quaerat enim dolorum distinctio autem dolore. Sed sequi at excepturi deleniti.',
        '2012-01-29 07:51:13',
        'Cumque in ut animi voluptatum in id. Sit eos aspernatur molestiae et eum quaerat eum. Fugiat aspernatur sunt officiis doloremque sit qui cum.',
        '2021-04-12 15:57:58', '2021-08-12 21:44:18'),
       (121, 13, '489596946', 7, 7, 'Consequuntur quo nemo natus.',
        'Quis sed et totam veritatis error. Molestias veritatis doloribus ea et qui.', '2018-02-24 05:01:39',
        'Sunt sequi inventore et qui dolore. Vel dolorem a unde maiores recusandae ratione. Aliquid delectus qui aliquam quis incidunt. Laudantium asperiores et est laudantium fugit possimus est.',
        '2021-03-17 01:18:04', '2021-08-12 21:44:18'),
       (122, 15, '6188427', 7, 3, 'Rerum natus dolorem saepe id.',
        'Explicabo a eos minima incidunt recusandae est. Sint sint qui culpa et est. Et itaque consequatur inventore id.',
        '2020-08-11 04:58:14',
        'Quia doloremque maxime suscipit voluptate facilis deserunt nemo necessitatibus. Qui quia sint rerum consequatur unde. Assumenda possimus cumque libero debitis accusamus. Ab libero neque ut in et minus.',
        '2021-06-06 08:31:35', '2021-08-12 21:44:18'),
       (123, 12, '63013130', 2, 3, 'Et repellat illum ullam molestiae.',
        'Rerum et est qui quidem. Quia laboriosam totam incidunt totam dolorem. Nulla qui et reprehenderit dolores consequatur inventore. Rerum nesciunt tempora ut nostrum.',
        '2012-09-08 01:57:06',
        'Aut sunt nemo qui esse. Id dolor mollitia ducimus harum voluptas et aut aut. Quo est eum natus blanditiis distinctio mollitia. Fugiat sunt provident id dolores non quaerat.',
        '2021-07-14 05:26:21', '2021-08-12 21:44:18'),
       (124, 11, '3', 3, 9, 'Ipsam in cumque a.',
        'Sequi pariatur et assumenda aut dolorem. Quidem aut harum voluptas. Quaerat corporis excepturi fugit beatae aut ut quis similique.',
        '2017-03-29 08:00:17',
        'Quis natus repellat et ut consequuntur et. Ut consectetur quae odit ex voluptatem libero. Et ut distinctio rerum est temporibus porro culpa non. Ullam praesentium voluptate animi et officiis nobis et.',
        '2021-06-30 15:15:50', '2021-08-12 21:27:14'),
       (125, 9, '2400974', 4, 8, 'Odit aut perspiciatis esse ea qui.',
        'Ut perferendis odit neque qui voluptatem ab. Alias enim nobis distinctio adipisci debitis aperiam. Cupiditate non quisquam possimus qui beatae ut mollitia.',
        '2021-07-30 23:04:08',
        'Quia vero dolor atque excepturi veritatis et. Explicabo enim natus voluptatem sunt vel deleniti temporibus. Perferendis aliquid consectetur suscipit fugiat. Debitis animi enim sed voluptatem ea nulla.',
        '2021-01-31 08:42:07', '2021-08-12 21:44:18'),
       (126, 12, '6188427', 5, 8, 'Eum nisi quisquam id.',
        'Possimus consequatur exercitationem quo id doloribus in assumenda. Et dolores quam quo. Quis atque veniam cumque temporibus non expedita earum sunt. Aut doloremque cupiditate perferendis. Nostrum laudantium ut aut ut repudiandae magnam libero.',
        '2020-10-07 02:46:28',
        'Error adipisci consequatur magni nam a. Aliquid ea molestiae vel quam. Ea et aspernatur voluptatem enim minima voluptas. Quia quaerat libero explicabo sit et doloribus.',
        '2020-10-31 03:54:28', '2021-08-12 21:44:18'),
       (127, 8, '3', 4, 9, 'Delectus quia illo enim doloremque nam labore qui at.',
        'Et modi nam corporis est. Hic illo cumque autem nisi. Dolores omnis tenetur cum dignissimos est non ut. Est tempora sapiente aut et sit delectus voluptas.',
        '2015-08-27 16:27:21',
        'Commodi eos ipsum architecto consequatur accusamus dolores. Recusandae dolores qui exercitationem veniam perspiciatis quia distinctio. Officia unde aut rerum fuga aut deserunt.',
        '2020-08-16 23:42:27', '2021-08-12 21:27:14'),
       (128, 7, '91600', 7, 10, 'Nulla unde impedit earum sed est.',
        'Odit tenetur laborum quisquam earum illum sit et quia. Fugit maxime qui tenetur unde. Maiores aliquid nihil voluptatem necessitatibus provident. Reprehenderit enim rerum corrupti officiis recusandae qui.',
        '2012-12-06 14:40:47',
        'Distinctio quaerat doloremque vitae optio ex consectetur assumenda. Voluptas quia rerum sint quam ut. Enim dolor reprehenderit qui veritatis dolore.',
        '2020-10-27 04:41:19', '2021-08-12 21:44:18'),
       (129, 2, '91171091', 5, 2, 'Qui rerum quidem iure quia quas.',
        'Pariatur quos id labore fugiat nisi. Laborum eaque magnam deserunt sed et. Error tempore sint quidem delectus ut.',
        '2018-07-13 15:02:31',
        'Eligendi esse molestias laudantium in. Doloribus cupiditate quisquam rerum sit dolores. Voluptatibus cumque recusandae amet expedita.',
        '2020-11-23 00:02:57', '2021-08-12 21:27:14'),
       (130, 10, '63013130', 1, 6, 'Nobis voluptas quis magni nam est.',
        'Voluptatem exercitationem sit blanditiis vel quam. Labore ratione ex aut id vel omnis numquam aperiam. Nobis numquam magnam consequatur modi officia qui nihil. Possimus ipsum aliquid aut ut.',
        '2016-05-21 12:06:24', 'Enim iusto quia id tempora voluptates sed. Inventore esse ab qui sed qui.',
        '2020-12-30 05:45:06', '2021-08-12 21:44:18'),
       (131, 1, '1703621', 6, 10, 'Labore dolore repudiandae ex aut numquam libero soluta maiores.',
        'Consequatur aut fugit et error dolorem earum rem. Ut maiores molestiae sit enim et ea. Pariatur corporis autem iste voluptas dolorem animi vel.',
        '2020-03-11 16:50:02',
        'Aut atque voluptas nemo esse hic iste qui. Occaecati quia dolorem facere at ut eos exercitationem earum. Rem magnam est quia dolor autem nihil adipisci. Dolorum unde molestiae ut excepturi cum saepe aut.',
        '2020-12-11 04:47:49', '2021-08-12 21:44:18'),
       (132, 10, '91171091', 4, 7, 'Est eum sapiente asperiores excepturi sit veritatis.',
        'Et alias consequatur repellendus dolor. Deleniti quaerat tenetur totam quam qui odio. Alias dolores ut repellat neque consequatur minima quasi. Numquam esse velit quis inventore.',
        '2020-05-10 06:21:42',
        'Odio aliquam eveniet nesciunt. Nesciunt et est labore est. Quae delectus eius enim dolore sed repudiandae tenetur enim. Sed quisquam ut est voluptas voluptatem sint harum.',
        '2021-02-23 05:15:56', '2021-08-12 21:44:18'),
       (133, 13, '42567', 3, 2, 'Perferendis numquam qui doloremque animi ut.',
        'Quidem quis aut corrupti natus delectus. Eligendi libero architecto perferendis.', '2020-06-08 20:30:25',
        'Quo dolorem error illum aut perspiciatis aperiam optio eum. Omnis sint dicta voluptas officiis similique minus ab consequatur. Aut nesciunt amet illum.',
        '2021-07-05 14:53:23', '2021-08-12 21:44:18'),
       (134, 12, '91600', 1, 2, 'Ut ipsum ipsum in consectetur vitae.',
        'Optio ullam sed hic facilis. Et quam assumenda asperiores id eveniet sed. Laborum culpa nam ea autem expedita corporis consectetur. Incidunt quo et deleniti nisi expedita ipsa non.',
        '2016-09-05 11:15:05',
        'Et id optio nihil ut accusamus a. Sed consectetur iusto est non id dolorum eius. Repellendus et assumenda earum nihil. Fugiat et unde et odit aliquid.',
        '2020-09-23 19:26:06', '2021-08-12 21:44:18'),
       (135, 11, '1703621', 1, 7, 'Nemo voluptatem hic aliquam.',
        'Occaecati commodi ipsam distinctio maxime ipsum. Nemo consequatur alias molestiae qui quo. Saepe dicta voluptatem omnis.',
        '2012-08-14 20:25:34',
        'Et magnam eaque error ducimus libero magnam. Et accusantium repudiandae illo architecto. Pariatur recusandae quisquam autem voluptas qui quia in. Dolor cumque dolorum fugit quia.',
        '2020-10-15 05:05:04', '2021-08-12 21:44:18'),
       (136, 9, '42567', 3, 8, 'Eum voluptatem qui a numquam saepe et.',
        'Quod asperiores consequatur incidunt quisquam quam ut ratione. Et ipsam inventore ea dolores. Eligendi assumenda in et dignissimos cumque cumque sed. Saepe autem debitis porro repudiandae hic repellat.',
        '2014-08-26 18:34:08',
        'Non ducimus aliquam impedit aut error cupiditate. Sunt sed praesentium aut voluptas quia dolorem ab eos. Pariatur officia neque eos error adipisci dolor. Magnam illum corporis modi voluptatem deleniti sequi nostrum.',
        '2021-07-26 08:38:41', '2021-08-12 21:44:18'),
       (137, 5, '91600', 4, 5, 'Quaerat et doloremque numquam impedit.',
        'Et animi ducimus quia suscipit. Possimus est alias et. Ipsa dolorem magnam maxime eum consectetur adipisci. Et maiores soluta ut id.',
        '2017-03-25 16:54:48',
        'Consequatur est esse et et. Non rerum illum ut harum cupiditate. Minus magni maiores molestiae et sequi fugiat vel.',
        '2021-08-05 16:26:13', '2021-08-12 21:44:18'),
       (138, 1, '6188427', 4, 3, 'Autem in temporibus consequuntur.',
        'Illum autem possimus id quo unde minus reiciendis. Aperiam aut rerum sed quisquam temporibus ea.',
        '2012-08-02 22:39:07',
        'Iste officiis ut dolor delectus autem quaerat. Ut rem et non dicta. Eum quia consequuntur et assumenda.',
        '2021-02-01 05:40:57', '2021-08-12 21:44:18'),
       (139, 12, '91171091', 5, 8, 'Quae id praesentium libero ut.',
        'Quia iure asperiores a omnis. Doloribus beatae est suscipit dignissimos rerum. Sunt eos reiciendis nihil qui et consectetur repellat. Autem quaerat ad tempora perspiciatis aut voluptates sunt at.',
        '2018-02-02 01:09:50',
        'Voluptate mollitia iste eligendi dolorum fugit totam qui. Sunt architecto eaque accusantium sit qui. Iure aut optio possimus. Vel veritatis doloribus fuga id doloribus consequatur eum.',
        '2021-07-13 21:32:12', '2021-08-12 21:44:18'),
       (140, 11, '1703621', 7, 5, 'Cum qui odio qui officiis id consequatur qui.',
        'Aspernatur libero occaecati nemo nulla sequi quam. Quas est unde itaque ullam ea numquam et voluptatem. Minima qui a quia autem omnis fugiat ut. Sunt est libero quibusdam voluptatem ut.',
        '2020-11-21 01:13:52',
        'Sit qui itaque deleniti assumenda consequatur nihil voluptate. Velit assumenda ab labore molestias ex consequuntur. Libero voluptates sit quia perferendis sit.',
        '2021-06-05 11:36:14', '2021-08-12 21:27:14'),
       (141, 14, '2400974', 4, 10, 'Temporibus libero consequatur explicabo.',
        'Ipsum nulla minima iste dolorem officiis ea. Adipisci eligendi reprehenderit rerum facilis sit nam. Itaque earum quidem dolores nemo nihil beatae reprehenderit. Itaque veniam nisi commodi ad. Dignissimos velit nihil aut iusto.',
        '2013-10-14 06:45:54',
        'Et expedita est eum et neque. Doloremque voluptatum repellat totam unde reiciendis ab illo. Aspernatur suscipit omnis iste atque voluptates debitis voluptatibus.',
        '2021-03-07 06:16:40', '2021-08-12 21:44:18'),
       (142, 11, '42567', 6, 6, 'Voluptas sunt iste reprehenderit est consectetur culpa.',
        'Ratione sed minus ut earum adipisci. Tenetur omnis sunt dolor reprehenderit ut id unde. Quia similique consequatur aperiam exercitationem et rerum. Magnam dolores reiciendis libero dolore minus.',
        '2021-04-25 05:54:45',
        'Aperiam vel quasi tempore vel. Doloribus voluptatem id ea molestias ea. Iure aut consequatur consectetur blanditiis. Vitae magni omnis ducimus quia in nemo perspiciatis.',
        '2020-08-25 06:09:21', '2021-08-12 21:44:18'),
       (143, 9, '2400974', 6, 10, 'Laudantium consequatur reprehenderit aspernatur repellat perspiciatis in facilis.',
        'Itaque odio distinctio dolores nostrum voluptas sint natus. Aliquam et repellendus nihil vel. Molestiae veritatis enim occaecati cum rerum consequatur sunt incidunt.',
        '2013-08-13 05:19:53',
        'Quidem reiciendis modi non ab consequatur animi. Aliquid autem velit molestiae et. Qui porro aut consequatur ut dignissimos sunt.',
        '2021-07-22 20:47:16', '2021-08-12 21:44:18'),
       (144, 9, '489596946', 7, 4, 'Ut ea ut doloribus.',
        'Sunt harum perspiciatis qui totam rem est. Ex similique pariatur animi neque. Inventore tempora iste qui qui. Sed reprehenderit doloremque quia. Qui aspernatur dolore est aliquid.',
        '2016-05-18 06:43:50',
        'Esse possimus qui doloremque dolor ratione aut qui est. Eos fugiat cupiditate iusto et. Soluta soluta odit sed delectus a saepe deleniti id. Et vitae numquam quam expedita.',
        '2021-04-22 10:52:04', '2021-08-12 21:44:18'),
       (145, 11, '1703621', 5, 9, 'Non minus ducimus corporis.',
        'Recusandae maxime qui ut consectetur aliquid aut. Eaque provident porro vel qui nihil sit ullam. Iusto ad est quia. Nam quibusdam quisquam esse hic.',
        '2015-08-08 03:54:19',
        'Dolorem voluptas nostrum quia corporis dignissimos. Minus quidem quia tempore et pariatur quia. Ea quibusdam animi vel exercitationem enim eius.',
        '2021-06-30 05:01:48', '2021-08-12 21:44:18'),
       (146, 13, '2', 7, 3, 'Eos est odio laudantium dolore vel est id et.',
        'Facilis veritatis nihil id. Ut molestiae pariatur ratione libero totam dolorem.', '2013-10-15 21:10:11',
        'Nobis quis vitae earum eum et atque. Molestiae nostrum qui dolorem qui dolor est. Ut soluta nulla voluptatum aliquid. Dolor culpa rerum nam nemo neque itaque.',
        '2020-12-04 21:33:15', '2021-08-12 21:44:18'),
       (147, 8, '6188427', 5, 1, 'Dolore commodi minima illum optio eveniet placeat.',
        'Maiores fugiat unde aut recusandae sunt dolorem. Sint neque modi esse expedita voluptates.',
        '2013-04-08 20:48:27',
        'Distinctio molestiae cupiditate qui doloribus est. In et nihil sed laborum ipsum eligendi. Rerum consectetur ratione non sed nemo assumenda minus.',
        '2020-09-16 09:09:42', '2021-08-12 21:44:18'),
       (148, 2, '489596946', 1, 8, 'Autem rerum qui ut deleniti.',
        'Rerum laborum corporis deserunt sapiente quibusdam ut asperiores. Eos et neque natus corporis nihil aut. Sed sed qui rerum ut est consequatur a. Tempora et et et error voluptate cum.',
        '2016-07-28 02:55:04', 'Officia eaque quas unde. Ut omnis qui tempora dolorum eum necessitatibus sint.',
        '2021-07-18 16:32:39', '2021-08-12 21:44:18'),
       (149, 13, '63013130', 2, 10, 'Corporis debitis nostrum ut fugit quasi.',
        'Non dolor aut sed est nihil. Nisi ab rerum et tenetur illum voluptatem sapiente sit. Tempore qui odit assumenda est reiciendis.',
        '2012-06-15 22:59:59',
        'Qui et voluptates dolores velit. Eligendi accusantium nihil non mollitia. Tempora ratione animi fuga error rerum dolorum qui. Quis qui fugit deleniti incidunt totam.',
        '2021-05-09 02:42:28', '2021-08-12 21:44:18'),
       (150, 4, '2', 2, 8, 'Quia nam et in nihil et quae.',
        'Provident quia accusamus necessitatibus et. Doloribus aut sint nam accusantium aut dignissimos eum. Voluptas explicabo cum vel repellendus. Ipsam officiis sed odio non eos. Aut fugit alias magni aut veniam magnam dolor.',
        '2014-11-18 09:47:09', 'Quis quaerat eligendi ut accusamus voluptas. Quo excepturi sit odit officiis.',
        '2021-07-06 08:37:33', '2021-08-12 21:44:18'),
       (151, 9, '91171091', 4, 4, 'Dolorem fugiat aut exercitationem eveniet sit dolore sint.',
        'Tempora explicabo officiis dolores sed nostrum sed ratione. Eos consequatur corrupti ea et sed qui dolor ipsa. Ad ut labore minima error labore enim animi.',
        '2018-06-16 06:58:02',
        'Porro facere non ullam. Reprehenderit voluptatum quo at eum ipsam rerum a. Ullam ullam esse voluptatem eum id.',
        '2021-06-30 23:12:16', '2021-08-12 21:44:18'),
       (152, 12, '489596946', 2, 5, 'Aut est quidem perspiciatis in.',
        'Vel dolor sed temporibus similique itaque. Culpa doloribus repellendus libero quae quaerat ut repudiandae. Minus asperiores et pariatur ut deleniti aperiam accusantium. Laboriosam et ut dolores.',
        '2011-10-28 06:43:50',
        'Magnam dolore rerum dolores minus nam ullam. Esse sit optio tempore ipsam quam minus nam. Quidem id repellat qui dolorem. Et sed quos non dolore.',
        '2020-08-25 23:46:48', '2021-08-12 21:44:18'),
       (153, 3, '63013130', 1, 7, 'Accusamus est quia dolores officia quaerat adipisci debitis sed.',
        'Hic et asperiores fuga aliquid eveniet est. Ad mollitia et est corporis error. Et ullam delectus non et quasi labore. Consectetur temporibus sint aperiam non.',
        '2021-03-07 23:30:41',
        'Ut nihil voluptatem quasi placeat. Aliquam nihil enim incidunt recusandae. Et debitis et vero ut.',
        '2020-09-17 20:45:45', '2021-08-12 21:44:18'),
       (154, 9, '42567', 6, 3, 'Voluptate ut quos autem voluptatem ipsum veritatis.',
        'Inventore laudantium quaerat nisi quam quis et. Enim et quia ipsam fuga vel debitis. Aspernatur iusto recusandae impedit odio aut voluptas deserunt. Fugiat non adipisci consequuntur.',
        '2019-12-11 04:54:29',
        'Incidunt consequatur et deserunt quae. Unde facilis delectus ex. Eveniet enim amet assumenda adipisci accusantium est dignissimos. Soluta culpa autem saepe aliquid labore in eum.',
        '2021-06-05 23:18:00', '2021-08-12 21:44:18'),
       (155, 15, '6188427', 6, 9, 'Soluta excepturi sed laborum blanditiis aspernatur omnis.',
        'Enim qui consequatur ducimus corporis natus autem. Et repellendus quod a voluptatem. Voluptate unde provident enim possimus aut natus. Eos beatae quidem accusamus.',
        '2014-12-10 02:48:01',
        'Soluta exercitationem omnis harum id ab. Ut aut voluptates eligendi molestias et consectetur tempora. Quo quisquam reiciendis provident rerum enim dignissimos et. Et cupiditate et eos qui.',
        '2021-08-11 09:33:15', '2021-08-12 21:44:18'),
       (156, 9, '91171091', 2, 5, 'Aut optio quia sit neque consectetur.',
        'Praesentium voluptatibus odit sed dolorum assumenda cumque pariatur earum. Nostrum aperiam atque officiis et a dicta deleniti. Vel dolorum debitis eos amet non. Itaque natus praesentium eos sit.',
        '2018-06-08 01:33:10',
        'Ut nihil optio praesentium eos quia deleniti quae commodi. Veniam magnam eum et iste nisi quo fugiat. Corporis eum harum doloremque voluptatem quibusdam eos ex temporibus. Quis dolorem fugit dicta sed.',
        '2020-08-29 21:33:31', '2021-08-12 21:44:18'),
       (157, 15, '91171091', 6, 9, 'Qui deserunt dolores officiis sequi quidem reiciendis.',
        'Eos eaque quis quis ullam quo consequatur sunt. Laboriosam odit aut eos accusantium aut. Iusto harum mollitia consequatur voluptas molestias consequatur. Dolorem quasi fugiat facere et consequatur omnis laborum. Magni voluptatem aut voluptas corrupti.',
        '2017-02-13 14:22:05',
        'Delectus ratione eaque vero qui fuga. Tenetur rem est ad quod rerum quod itaque. Quaerat quod consectetur sit et neque. Et fugiat dolorem exercitationem et soluta.',
        '2021-05-20 06:13:39', '2021-08-12 21:44:18'),
       (158, 14, '2400974', 4, 5, 'Illum optio culpa accusamus et rerum repellendus.',
        'Laborum aliquam corrupti ut rem. Laboriosam qui consequatur rerum et eos doloremque. Ipsam iure cupiditate perferendis voluptatem consequatur.',
        '2012-03-29 17:17:14',
        'Et fugit iusto laborum sunt reprehenderit. Maiores est itaque sint nulla. Nobis maxime deleniti repellat eum.',
        '2021-06-23 22:26:52', '2021-08-12 21:27:14'),
       (159, 9, '91600', 1, 8, 'Aut velit blanditiis deleniti exercitationem ea atque magni.',
        'Aut aut reiciendis laboriosam dolorum sed. Fugiat dolore commodi quam perspiciatis. Error nemo sequi soluta eaque. Omnis ut impedit quidem quae modi.',
        '2013-07-22 15:19:06',
        'Qui ratione itaque illo quas quis. Animi accusamus deserunt libero non. Cum non et quis. Voluptas rerum et ex voluptatem omnis. Non est officiis voluptates hic repudiandae veritatis.',
        '2021-02-18 17:09:32', '2021-08-12 21:44:18'),
       (160, 9, '91171091', 4, 4, 'Minus repudiandae adipisci rerum aliquam.',
        'Consequatur et debitis voluptatem ea cum similique ut. Maiores aperiam ut quas nulla. Sed est autem doloribus velit distinctio aut.',
        '2016-09-27 18:42:19',
        'Nam quod illo aut iure. Omnis ratione recusandae qui nisi nulla laudantium nihil nisi. Eveniet voluptate ducimus dolor modi et. Culpa ab provident vel aspernatur qui eos. Quis et temporibus explicabo dolorum.',
        '2020-10-31 21:48:15', '2021-08-12 21:44:18'),
       (161, 13, '2', 3, 4, 'Laborum voluptas neque quasi voluptas voluptatem ad.',
        'Sunt reprehenderit qui modi vero. Suscipit totam enim nam iure. Eligendi et velit blanditiis tempora.',
        '2021-02-11 18:26:14',
        'Officia ut et laboriosam voluptatum voluptatum commodi modi. Voluptates quia ea accusantium consequatur. Repellendus perspiciatis et et est minus consequatur aut quis. Quaerat excepturi sint doloremque ullam rem.',
        '2020-12-30 10:14:51', '2021-08-12 21:27:14'),
       (162, 1, '1703621', 1, 2, 'Labore ratione omnis incidunt dolorum.',
        'Omnis aperiam culpa est sit unde ipsum quod. Veniam cupiditate doloribus consequuntur cum at sit ipsum. Ut soluta reprehenderit consequatur beatae facilis voluptas odio. Odio et porro nihil est.',
        '2021-07-11 10:27:57',
        'Soluta beatae enim necessitatibus cupiditate. Voluptatem voluptatum at atque adipisci et ducimus. Eum consequatur ratione numquam vitae aut et libero. Aut qui ut sequi inventore hic. At enim nam aspernatur harum voluptas.',
        '2021-03-08 22:28:28', '2021-08-12 21:44:18'),
       (163, 11, '91171091', 6, 3, 'Quibusdam doloremque officiis a accusamus id eveniet.',
        'Asperiores iure cupiditate voluptatem dolorum facilis. At consequatur tempore quis et tempore aut. Quo blanditiis consectetur autem deserunt quia facere sunt. Ipsa quas rerum quia omnis voluptate illum perferendis.',
        '2018-08-21 21:49:39',
        'Fugiat quaerat nam praesentium eius perspiciatis ratione numquam occaecati. Molestiae nihil molestiae et praesentium fugiat. Fuga commodi eum eius neque dignissimos hic delectus soluta. Quia quisquam adipisci laudantium illo ipsa magni.',
        '2021-08-05 23:43:39', '2021-08-12 21:44:18'),
       (164, 13, '42567', 2, 6, 'Labore atque quae totam voluptate.',
        'Quis dolorem optio nam aliquid. Voluptatem dolor odio id dolor. Quo fugiat qui laudantium provident aut voluptatibus. Ex doloremque dolorem quia magni. Voluptatibus autem ut deleniti nesciunt.',
        '2012-04-18 19:56:17',
        'Consequatur expedita sit ut qui. Quos quia et totam aliquam molestias. Ut voluptatem consequatur iure exercitationem.',
        '2021-05-15 12:00:11', '2021-08-12 21:44:18'),
       (165, 15, '489596946', 4, 1, 'Voluptatem cupiditate dolore est aliquam sint.',
        'Possimus voluptatem optio qui voluptatibus inventore. Nemo sed pariatur deleniti. Dolorum excepturi voluptatem reiciendis debitis quas voluptate. Ea ut voluptatibus corporis cum quisquam. Blanditiis ipsam excepturi qui cum.',
        '2019-10-10 09:58:16',
        'Repellat nemo laudantium non magnam excepturi aliquid est. Qui aut tempore quo quam eaque. Reiciendis quo necessitatibus et consequatur consequatur eius doloremque. Qui ut at ut eligendi dolorum vel illo.',
        '2020-08-27 06:37:50', '2021-08-12 21:44:18'),
       (166, 3, '42567', 6, 6, 'Exercitationem quae dignissimos consequuntur.',
        'Optio aut veritatis sit ut repudiandae voluptatem quis. Unde corrupti repellendus assumenda laboriosam. A deleniti exercitationem sed numquam corrupti sed. Blanditiis molestiae sit veritatis aut et itaque.',
        '2020-05-21 04:15:45',
        'Non dolorem et dignissimos incidunt occaecati in ea. Reprehenderit ipsa qui minus eos. Nostrum consequuntur et occaecati consectetur delectus.',
        '2020-09-10 14:03:09', '2021-08-12 21:44:18'),
       (167, 15, '3', 6, 2, 'Dolorum molestias alias repudiandae labore perspiciatis dolore.',
        'Id doloribus eos quo praesentium consequatur. Sit blanditiis veniam et vel. Suscipit ipsa laboriosam mollitia aliquid vel voluptatibus id. Eos velit eligendi aut facilis saepe assumenda.',
        '2018-07-10 19:43:12',
        'Excepturi dolores sit dolorem velit at explicabo. Hic qui totam voluptas molestias aspernatur magni optio voluptate. Beatae aut ad autem fugiat.',
        '2021-03-14 13:10:33', '2021-08-12 21:27:14'),
       (168, 6, '2400974', 3, 3, 'Neque aperiam et officiis facere similique.',
        'Voluptatum voluptates laudantium et pariatur. Repellendus dolor omnis ut est.', '2020-06-25 23:05:16',
        'Ea porro qui aliquam dicta. Animi molestiae voluptas corporis laudantium vitae eum provident. Eius sequi reiciendis quam id expedita.',
        '2021-06-02 20:43:40', '2021-08-12 21:44:18'),
       (169, 4, '2400974', 1, 7, 'Minus odio dolor quod voluptatem ex sit.',
        'Voluptatem ducimus quaerat nesciunt eveniet ex vitae. Quia impedit ad et tenetur. Nostrum ipsum placeat vero totam fugit iure quia explicabo.',
        '2013-01-02 14:25:57',
        'Non sapiente porro natus aut. Quae molestiae omnis voluptatibus itaque numquam. Qui incidunt sit laboriosam est repellendus perspiciatis velit. Ea ea doloremque nisi odit.',
        '2020-11-02 08:07:52', '2021-08-12 21:44:18'),
       (170, 10, '489596946', 2, 6, 'Est accusantium sit harum.',
        'Numquam commodi vel et voluptatum expedita perspiciatis aliquam. Ut consequatur ratione et et commodi dolor neque aut. Totam velit ea qui illum ipsa modi et. Reprehenderit voluptatum praesentium sit consequatur hic velit quo aut.',
        '2020-10-17 08:38:57',
        'Delectus iusto quisquam nihil harum animi aut. Voluptatem eum et maiores ut qui occaecati dolores. Omnis sunt voluptas nesciunt nam qui quo.',
        '2021-08-07 03:04:59', '2021-08-12 21:44:18'),
       (171, 1, '2', 1, 6, 'Quo quidem eaque totam.',
        'Ut autem consequatur similique. Totam cupiditate quas repellat et. Necessitatibus esse nisi eos fugiat tempora.',
        '2017-08-24 02:52:03',
        'In et labore temporibus eaque autem et sed reprehenderit. Quo dolor quia consequatur non.',
        '2021-04-20 17:59:06', '2021-08-12 21:44:18'),
       (172, 6, '63013130', 6, 10, 'Et tempore vero aut voluptatem provident.',
        'Est assumenda iure recusandae nobis maiores culpa et. Alias porro itaque et assumenda est non velit. Sit architecto molestiae accusamus natus deleniti aspernatur dolores.',
        '2013-01-13 04:04:06',
        'Quas sed voluptatem accusantium cumque qui molestiae magnam. Nostrum reiciendis nihil omnis provident possimus eius amet. Et aut nemo ut assumenda consectetur tempora.',
        '2020-10-06 16:14:56', '2021-08-12 21:44:18'),
       (173, 12, '2400974', 4, 6, 'Praesentium quia magnam libero officia voluptatem consequatur.',
        'Quasi dolores et fugit sunt est eaque. Perferendis vel consequatur ullam doloribus et. Eos qui at molestiae culpa nostrum.',
        '2013-02-26 11:28:20',
        'Numquam facere ut eos aut officia eaque. Autem et et nihil facilis aliquam sed vitae. Laudantium totam magni tenetur saepe dignissimos velit quibusdam. Quis rerum facilis ut quia ut.',
        '2020-12-31 15:31:36', '2021-08-12 21:44:18'),
       (174, 5, '2400974', 4, 7, 'Corporis adipisci omnis numquam veritatis et aperiam optio.',
        'Hic tempora iste tenetur est unde qui consequatur voluptatem. Repellendus in accusamus sequi itaque.',
        '2018-05-03 08:02:46',
        'Ut consectetur fugit et aut ipsum. Pariatur est quam unde id. Laborum id voluptatum totam id.',
        '2021-06-07 14:58:02', '2021-08-12 21:44:18'),
       (175, 2, '3', 2, 3, 'Repellat atque necessitatibus accusamus quidem.',
        'Non alias quod aspernatur quis blanditiis nostrum. Possimus et ab sit. Optio adipisci aut repudiandae consequatur ex dolorem consequatur. Voluptas necessitatibus ut sint tempore molestiae.',
        '2015-08-08 02:40:03',
        'Totam illum occaecati quia optio aliquid. Quas voluptas dolore magnam totam. Nisi occaecati quam illo quaerat corrupti facere. Quia velit magni id. Voluptates qui ullam nihil voluptatem et in.',
        '2020-10-20 14:27:23', '2021-08-12 21:44:18'),
       (176, 15, '91171091', 3, 5, 'Enim totam alias aut sit est porro mollitia.',
        'Amet officiis voluptatum ipsa sit aperiam quo officiis. Est id sed reiciendis optio et sint. Saepe exercitationem laboriosam voluptatem quia ad nihil. Laborum a eum sint sit voluptate reiciendis.',
        '2015-11-27 07:00:39',
        'Sed quam veniam fugit maiores. Et aspernatur natus cum sed labore. Nesciunt similique possimus amet quibusdam culpa expedita et. Molestiae nulla rerum odit omnis aut. Repellat quo odit odit voluptatem.',
        '2021-05-26 18:14:14', '2021-08-12 21:44:18'),
       (177, 6, '1703621', 7, 5, 'Nemo omnis quaerat tempore ipsum.',
        'Quis et error qui veritatis quia et facere voluptatum. Et ullam atque laboriosam quasi. Dolore ut impedit asperiores sit ut.',
        '2018-08-27 05:03:18', 'Adipisci sint nemo cumque dolores. Et qui commodi ut distinctio recusandae.',
        '2021-07-27 07:13:41', '2021-08-12 21:44:18'),
       (178, 1, '489596946', 2, 3, 'Veritatis non tenetur consectetur quia corporis est molestiae.',
        'Consequuntur deserunt omnis quaerat quis. Sed fugit perspiciatis et et adipisci id.', '2018-11-03 01:58:31',
        'Placeat id et rerum perferendis et hic. Maiores placeat aut aspernatur ea ratione aliquid ad autem. Nihil aperiam quisquam labore nihil animi. Ut ad corporis excepturi odit autem dolorum sunt facilis.',
        '2021-06-21 09:32:09', '2021-08-12 21:44:18'),
       (179, 10, '91171091', 5, 8, 'Est voluptatum voluptas optio illum dolore sed.',
        'Minima iste distinctio consequatur quibusdam labore dignissimos. Odit illum mollitia est perspiciatis tempore atque consectetur error. Et iste minima et nam.',
        '2019-05-19 11:10:54',
        'Molestiae nihil perferendis non exercitationem delectus itaque sapiente. Rerum perferendis modi voluptas eveniet qui quas sint. Voluptatem iure id sequi nihil nisi. Odio quos voluptatibus adipisci et sed aperiam est.',
        '2021-02-09 15:14:13', '2021-08-12 21:44:18'),
       (180, 3, '63013130', 4, 6, 'Sequi illo optio labore.',
        'Voluptatum earum eveniet soluta et et. Eveniet rerum rerum repellendus totam odit. Dolor consequatur reiciendis unde accusantium ullam.',
        '2021-05-02 06:43:12',
        'Sed autem officia necessitatibus autem. Quibusdam adipisci voluptate facilis sed quia est aspernatur. Et accusamus esse facilis totam harum enim. Qui rerum rerum et error sequi sapiente expedita.',
        '2021-03-08 02:44:50', '2021-08-12 21:27:14'),
       (181, 9, '91600', 6, 7, 'Et vel et omnis harum.',
        'Voluptatibus ex modi vitae ducimus ex. Laborum aperiam molestiae sint dolorum voluptatem. Delectus unde harum impedit officiis excepturi.',
        '2015-04-29 05:15:40',
        'Vitae quas et reiciendis consectetur. Fugiat sequi dolores enim iure beatae. Et reprehenderit omnis id repellat deserunt. Explicabo maiores voluptas et.',
        '2020-09-12 11:01:44', '2021-08-12 21:44:18'),
       (182, 11, '3', 3, 10, 'Quis molestias natus non nobis recusandae.',
        'Eum sed et possimus voluptate. Numquam molestiae autem sit et. Non omnis unde delectus ipsum consequatur.',
        '2021-07-07 12:33:56',
        'Sint aliquam temporibus accusamus laudantium earum sed cumque quasi. Sapiente a eos quaerat magnam. Facilis et sapiente consectetur voluptas exercitationem.',
        '2020-08-25 09:43:17', '2021-08-12 21:44:18'),
       (183, 3, '91171091', 1, 9, 'Omnis aut tempore non sint debitis quisquam autem.',
        'Illo itaque adipisci numquam voluptatem beatae. Consequatur accusamus et rerum perspiciatis tempore accusamus est ea. Reiciendis sint dicta ut consequatur qui eligendi quasi.',
        '2016-10-24 22:01:46',
        'Fugiat itaque quia rem culpa ea quos. Qui eaque doloremque vel voluptate blanditiis voluptates. Eaque quia rem velit ratione placeat sint.',
        '2021-01-23 00:21:04', '2021-08-12 21:44:18'),
       (184, 6, '2', 7, 9, 'Id magnam possimus facilis fugiat fuga porro vero corrupti.',
        'A ex ea sit ut ipsa. Et molestias ut ex repudiandae. Molestiae nesciunt iste iste ad error.',
        '2018-10-19 09:29:10',
        'Illum rerum quibusdam porro id voluptas. Et a nobis optio quo aliquam sit vel. Molestias ex dolorum voluptatem enim voluptates non aliquid. Molestiae voluptates facere et inventore omnis nemo est.',
        '2020-08-23 11:19:00', '2021-08-12 21:44:18'),
       (185, 5, '2400974', 3, 7, 'Repudiandae et expedita reprehenderit est soluta omnis.',
        'Sed ea ut amet error laudantium. Laboriosam alias quos facere nostrum eos laboriosam sed. Unde harum blanditiis ullam aut facere.',
        '2020-03-20 08:29:46',
        'Alias dicta ut dignissimos debitis ipsam accusamus et. Eius sunt facilis totam suscipit unde. Corrupti non fuga ullam unde.',
        '2021-03-06 02:49:30', '2021-08-12 21:44:18'),
       (186, 15, '63013130', 3, 5, 'Accusamus eius nihil eum ipsum eligendi qui ea.',
        'Adipisci nemo et autem voluptas. Voluptatem laboriosam corporis corporis quae maxime. Aliquam repellat aut dolores fugiat. Eligendi illo dolor eum ut earum at dolores.',
        '2015-01-02 16:35:42',
        'Quaerat dolorem nihil amet esse velit. Nihil explicabo magnam blanditiis et optio officia. Quibusdam ducimus aut pariatur aperiam. Aperiam est dolore atque suscipit expedita quia.',
        '2021-06-28 14:27:48', '2021-08-12 21:44:18'),
       (187, 11, '2400974', 7, 2, 'Omnis voluptate asperiores quibusdam odio laborum.',
        'Non quia exercitationem nemo accusamus ipsum aut eum. Labore qui itaque debitis autem. Eos atque quo sit. Debitis non est deserunt nobis et delectus.',
        '2018-10-30 16:53:24',
        'Ut consequatur qui et harum qui nemo. Pariatur est ipsa dolores est. Quod nihil placeat et consequatur voluptatem eius quod.',
        '2021-03-25 22:55:21', '2021-08-12 21:44:18'),
       (188, 4, '3', 1, 6, 'Accusamus nihil magni similique inventore laboriosam aut dignissimos esse.',
        'Vel delectus aliquam sed qui illo. Est iste hic eum repellendus est soluta. Iste est quas omnis id et magni.',
        '2012-10-30 18:17:59',
        'Assumenda consequatur consequatur quia accusamus. Expedita excepturi rem voluptatem non maxime laboriosam veritatis. Et totam mollitia sed doloribus laboriosam tenetur ex hic.',
        '2021-06-02 18:11:55', '2021-08-12 21:44:18'),
       (189, 10, '2', 3, 3, 'Nihil aspernatur excepturi officiis doloremque consequatur similique.',
        'Illum aut dolores velit et incidunt. Similique sit accusantium dolorem doloribus velit.',
        '2019-09-22 14:23:49',
        'Ipsa suscipit veniam laboriosam ratione non. Non iure non consequatur et. Commodi molestiae temporibus repudiandae corrupti voluptas mollitia ut. Et voluptatum autem ut aut voluptas nulla.',
        '2020-09-19 22:46:51', '2021-08-12 21:44:18'),
       (190, 13, '63013130', 4, 8, 'Ducimus dolores sunt dolores nam consequatur rem.',
        'Aliquam consequuntur est at id alias est quasi. Aut autem reiciendis amet dolorem ut neque laborum. Numquam autem et autem eaque.',
        '2012-09-28 05:02:15',
        'Sed soluta maiores nobis possimus maxime autem aliquam totam. Illum sapiente sequi nobis et facilis dignissimos. Illum non saepe quidem quibusdam assumenda sit aut.',
        '2021-04-10 10:38:34', '2021-08-12 21:44:18'),
       (191, 3, '1703621', 3, 2, 'Voluptatem id itaque id iure.',
        'Atque tempora iusto autem laboriosam vel libero corrupti. Ea molestias ea deleniti dolores unde qui. Maiores tempore animi voluptas minus saepe.',
        '2014-09-13 04:31:14',
        'Nesciunt quis accusamus qui inventore dolor. Nam porro enim vel. Omnis iure ea perferendis et vitae. Id libero cum commodi aut.',
        '2020-11-27 00:22:18', '2021-08-12 21:44:18'),
       (192, 4, '6188427', 5, 10, 'Voluptate adipisci rem dolorum ullam.',
        'Pariatur in est deserunt omnis aliquid ipsam adipisci. Tempore non ex cumque quisquam sit eaque omnis. Qui molestiae nam et blanditiis. Tempora exercitationem laudantium et eligendi.',
        '2020-02-02 07:07:35',
        'Omnis et recusandae qui neque quidem aut explicabo ex. Dolor voluptatem ut eos dolores et consequatur illum. Adipisci non minus iste reiciendis laborum et asperiores. Voluptates odio sequi cumque hic modi suscipit.',
        '2021-07-29 10:07:06', '2021-08-12 21:44:18'),
       (193, 1, '6188427', 4, 7, 'Amet placeat fugiat veritatis aut rerum est ex explicabo.',
        'Expedita tempore laboriosam voluptate aut quo vel molestiae. Asperiores tempora est fuga numquam sed. Et eum voluptatum expedita.',
        '2013-08-21 06:52:10',
        'Rerum atque incidunt voluptas suscipit aspernatur consequatur nam aut. Voluptate possimus consequatur enim omnis quo. Voluptate labore delectus sunt fuga quibusdam.',
        '2021-01-16 10:10:17', '2021-08-12 21:27:14'),
       (194, 13, '1703621', 1, 3, 'Officiis quia est omnis nobis sint et ipsam dicta.',
        'Voluptate corrupti optio ducimus aut. Sunt repudiandae quis sit vitae molestias qui. In fugiat facere deleniti.',
        '2019-12-10 08:34:16',
        'Sint non et pariatur sunt cumque dolores possimus. Aut odio ducimus qui blanditiis architecto aperiam. Eveniet unde officia et reiciendis dolores rerum ad. Amet vel eum illo quas. Est soluta ullam quam magnam excepturi optio similique.',
        '2020-09-14 10:10:53', '2021-08-12 21:44:18'),
       (195, 12, '91171091', 7, 7, 'Enim incidunt dolor est fugiat explicabo voluptas quia.',
        'Aut aperiam iusto repellendus iure. Nam perspiciatis doloremque sunt rerum dolor. Qui voluptatem ut sequi ut illo praesentium. Ut similique rerum est veritatis.',
        '2017-06-10 23:37:37',
        'Nostrum et delectus et doloribus enim expedita et. Ratione consequatur impedit quia iusto. Consequatur repellat exercitationem natus neque magnam unde sequi iure. Aut ut ab aut sit eos voluptas et.',
        '2021-06-06 07:29:07', '2021-08-12 21:27:14'),
       (196, 7, '1703621', 5, 6, 'Quas et dolorem reprehenderit eaque sint eos dolorem.',
        'Et reiciendis rem nostrum maiores. Repellat in expedita soluta consequatur. Sed ratione ut quo sit ut ratione officia.',
        '2018-11-18 17:22:14',
        'Maiores ea beatae et sed quisquam. Et et vero necessitatibus omnis voluptate. Aut provident corporis aspernatur sit sint ex expedita iure. Vel impedit sit et.',
        '2021-06-05 07:36:54', '2021-08-12 21:44:18'),
       (197, 6, '63013130', 6, 9, 'Nemo minus delectus ab eos voluptas qui ratione.',
        'Eum ullam repellendus doloremque velit vitae tempore. Suscipit facere impedit iusto rerum est numquam.',
        '2017-12-18 03:52:19',
        'Incidunt ab quis enim reprehenderit sunt. Nesciunt ducimus consequatur quia voluptatem non voluptas. Ea aut error consequatur harum ratione id. Ut labore sapiente eius impedit.',
        '2020-09-15 22:12:52', '2021-08-12 21:44:18'),
       (198, 8, '91600', 2, 6, 'Rerum accusamus maxime quia laboriosam rerum eos.',
        'Aut ex sit quis saepe sed totam mollitia dolore. Et cupiditate et nesciunt enim eos at. Repellat quam et saepe voluptatem at corporis cum molestias. Quis illum reiciendis vel sunt voluptas.',
        '2012-06-20 09:08:10',
        'Sint consectetur nihil nesciunt sequi aut est perspiciatis ea. Officiis repudiandae ipsum iusto maiores.',
        '2021-01-24 16:31:22', '2021-08-12 21:44:18'),
       (199, 13, '3', 6, 2, 'Deserunt minus at velit maiores unde necessitatibus.',
        'Non praesentium aut molestias inventore. Quo suscipit deleniti exercitationem nobis libero rerum.',
        '2014-02-01 15:41:30',
        'Sint vero perspiciatis ut natus et. Cumque eum possimus qui. Mollitia aliquam necessitatibus rerum itaque incidunt in. Sed harum quae iure aut.',
        '2021-01-11 15:51:53', '2021-08-12 21:44:18'),
       (200, 4, '3', 4, 2, 'Neque ab nihil tempora est suscipit delectus voluptate.',
        'Est alias quo aperiam tempora. Et sint corrupti nam. Nulla sit dolore possimus deleniti temporibus sed doloribus. Est animi consequuntur laboriosam veniam rerum eaque.',
        '2017-03-20 02:34:55',
        'Aut sed ut mollitia earum impedit provident sed. Occaecati facilis quos et ipsam iste. Distinctio voluptates nostrum totam animi voluptatem ducimus est. Qui reiciendis deserunt et.',
        '2020-10-30 06:41:57', '2021-08-12 21:44:18');
/*!40000 ALTER TABLE `lessons`
    ENABLE KEYS */;
UNLOCK TABLES;

--
-- Table structure for table `scores`
--

DROP TABLE IF EXISTS `scores`;
/*!40101 SET @saved_cs_client = @@character_set_client */;
/*!50503 SET character_set_client = utf8mb4 */;
CREATE TABLE `scores`
(
    `student_id` INT UNSIGNED     NOT NULL,
    `lesson_id`  INT UNSIGNED     NOT NULL,
    `created_at` DATETIME DEFAULT CURRENT_TIMESTAMP,
    `updated_at` DATETIME DEFAULT CURRENT_TIMESTAMP ON UPDATE CURRENT_TIMESTAMP,
    `score`      TINYINT UNSIGNED NOT NULL,
    PRIMARY KEY (`student_id`, `lesson_id`),
    KEY `scores_lesson_id_fk` (`lesson_id`),
    CONSTRAINT `scores_lesson_id_fk` FOREIGN KEY (`lesson_id`) REFERENCES `lessons` (`id`),
    CONSTRAINT `scores_student_id_fk` FOREIGN KEY (`student_id`) REFERENCES `students` (`id`)
) ENGINE = InnoDB
  DEFAULT CHARSET = utf8mb4
  COLLATE = utf8mb4_unicode_ci;
/*!40101 SET character_set_client = @saved_cs_client */;

--
-- Dumping data for table `scores`
--

LOCK TABLES `scores` WRITE;
/*!40000 ALTER TABLE `scores`
    DISABLE KEYS */;
INSERT INTO `scores`
VALUES (1, 1, '2018-02-07 08:21:39', '2021-08-12 22:03:44', 1),
       (1, 21, '1985-06-10 17:00:04', '2021-08-12 22:03:44', 5),
       (1, 41, '1985-12-30 19:34:54', '2021-08-12 22:03:44', 4),
       (1, 111, '1970-12-26 21:22:08', '2021-08-12 22:03:44', 3),
       (1, 131, '1997-09-22 04:41:43', '2021-08-12 22:03:44', 2),
       (2, 2, '1992-04-28 07:56:24', '2021-08-12 22:03:44', 3),
       (2, 22, '1985-05-04 01:51:20', '2021-08-12 22:03:44', 7),
       (2, 42, '1981-10-13 13:54:45', '2021-08-12 22:03:44', 7),
       (2, 112, '2007-10-24 16:45:30', '2021-08-12 22:03:44', 1),
       (2, 132, '1976-10-31 07:34:29', '2021-08-12 22:03:44', 4),
       (3, 3, '2005-01-07 01:28:36', '2021-08-12 22:03:44', 7),
       (3, 23, '1984-01-03 21:05:33', '2021-08-12 22:03:44', 4),
       (3, 43, '1994-12-05 05:32:53', '2021-08-12 22:03:44', 7),
       (3, 113, '1987-05-26 03:06:34', '2021-08-12 22:03:44', 3),
       (3, 133, '2016-10-28 11:08:22', '2021-08-12 22:03:44', 2),
       (4, 4, '1984-11-08 02:18:17', '2021-08-12 22:03:44', 10),
       (4, 24, '1971-01-18 10:15:26', '2021-08-12 22:03:44', 4),
       (4, 44, '1970-04-06 10:59:50', '2021-08-12 22:03:44', 10),
       (4, 114, '1986-12-31 00:49:21', '2021-08-12 22:03:44', 7),
       (4, 134, '2020-04-04 02:00:52', '2021-08-12 22:03:44', 7),
       (5, 1, '2021-08-13 14:34:24', '2021-08-13 14:34:24', 1),
       (5, 5, '1975-09-15 11:35:12', '2021-08-12 22:03:44', 10),
       (5, 25, '1978-02-20 00:25:23', '2021-08-12 22:03:44', 1),
       (5, 45, '2006-12-04 16:44:57', '2021-08-12 22:03:44', 4),
       (5, 115, '2010-12-24 05:55:44', '2021-08-12 22:03:44', 6),
       (5, 135, '1986-05-01 14:06:12', '2021-08-12 22:03:44', 6),
       (6, 6, '2006-03-03 16:03:26', '2021-08-12 22:03:44', 2),
       (6, 26, '1983-03-09 20:44:51', '2021-08-12 22:03:44', 1),
       (6, 46, '2001-02-13 20:36:48', '2021-08-12 22:03:44', 8),
       (6, 116, '1985-07-12 02:24:02', '2021-08-12 22:03:44', 9),
       (6, 136, '1987-01-22 07:00:13', '2021-08-12 22:03:44', 8),
       (7, 7, '1992-10-12 23:52:21', '2021-08-12 22:03:44', 2),
       (7, 27, '2008-08-27 19:25:29', '2021-08-12 22:03:44', 5),
       (7, 47, '2003-10-08 14:35:12', '2021-08-12 22:03:44', 10),
       (7, 117, '1997-04-01 23:20:10', '2021-08-12 22:03:44', 2),
       (7, 137, '1981-11-18 13:53:09', '2021-08-12 22:03:44', 3),
       (8, 8, '1971-06-19 17:06:16', '2021-08-12 22:03:44', 5),
       (8, 28, '2016-08-26 21:04:03', '2021-08-12 22:03:44', 7),
       (8, 48, '1986-03-26 17:08:33', '2021-08-12 22:03:44', 1),
       (8, 118, '1986-10-01 04:00:06', '2021-08-12 22:03:44', 3),
       (8, 138, '1985-06-01 20:06:48', '2021-08-12 22:03:44', 9),
       (9, 9, '1997-10-08 04:43:22', '2021-08-12 22:03:44', 8),
       (9, 29, '1991-06-25 01:29:05', '2021-08-12 22:03:44', 10),
       (9, 49, '1979-05-06 10:34:35', '2021-08-12 22:03:44', 7),
       (9, 119, '2014-08-31 10:36:50', '2021-08-12 22:03:44', 2),
       (9, 139, '2007-06-20 09:52:23', '2021-08-12 22:03:44', 1),
       (10, 10, '1980-08-30 09:24:51', '2021-08-12 22:03:44', 10),
       (10, 30, '1977-04-22 12:13:24', '2021-08-12 22:03:44', 4),
       (10, 50, '1972-08-16 01:01:58', '2021-08-12 22:03:44', 2),
       (10, 120, '1994-01-08 09:55:44', '2021-08-12 22:03:44', 7),
       (10, 140, '2012-07-19 14:32:07', '2021-08-12 22:03:44', 7),
       (11, 11, '1974-01-17 02:41:26', '2021-08-12 22:03:44', 6),
       (11, 31, '1975-09-05 21:29:19', '2021-08-12 22:03:44', 7),
       (11, 51, '1983-12-06 02:01:46', '2021-08-12 22:03:44', 6),
       (11, 121, '2015-09-29 08:11:56', '2021-08-12 22:03:44', 7),
       (11, 141, '1997-07-30 21:51:52', '2021-08-12 22:03:44', 7),
       (12, 12, '1997-07-03 10:14:57', '2021-08-12 22:03:44', 6),
       (12, 32, '2007-03-20 17:13:44', '2021-08-12 22:03:44', 6),
       (12, 52, '2016-09-28 16:25:08', '2021-08-12 22:03:44', 3),
       (12, 122, '2001-09-16 02:00:39', '2021-08-12 22:03:44', 7),
       (12, 142, '2008-06-24 12:44:58', '2021-08-12 22:03:44', 7),
       (13, 13, '1991-12-26 17:29:04', '2021-08-12 22:03:44', 1),
       (13, 33, '2018-12-03 16:20:38', '2021-08-12 22:03:44', 6),
       (13, 53, '1981-12-14 13:34:22', '2021-08-12 22:03:44', 5),
       (13, 123, '1977-01-02 20:14:00', '2021-08-12 22:03:44', 9),
       (13, 143, '1985-12-08 14:08:53', '2021-08-12 22:03:44', 6),
       (14, 14, '2009-09-09 19:29:43', '2021-08-12 22:03:44', 5),
       (14, 34, '1983-02-24 21:41:34', '2021-08-12 22:03:44', 6),
       (14, 54, '2021-06-18 04:55:44', '2021-08-12 22:03:44', 3),
       (14, 124, '1989-09-06 04:47:47', '2021-08-12 22:03:44', 6),
       (14, 144, '2001-03-20 14:48:40', '2021-08-12 22:03:44', 1),
       (15, 15, '1997-08-21 17:50:15', '2021-08-12 22:03:44', 5),
       (15, 35, '1997-03-19 01:40:48', '2021-08-12 22:03:44', 3),
       (15, 55, '1998-05-27 19:55:46', '2021-08-12 22:03:44', 10),
       (15, 125, '1980-09-25 07:46:57', '2021-08-12 22:03:44', 10),
       (15, 145, '1979-11-14 04:48:26', '2021-08-12 22:03:44', 8),
       (16, 16, '2019-01-09 16:18:29', '2021-08-12 22:03:44', 10),
       (16, 36, '1976-06-30 10:32:28', '2021-08-12 22:03:44', 4),
       (16, 56, '2006-03-13 21:58:13', '2021-08-12 22:03:44', 1),
       (16, 126, '2014-05-11 21:18:49', '2021-08-12 22:03:44', 2),
       (16, 146, '2012-07-16 16:34:57', '2021-08-12 22:03:44', 5),
       (17, 17, '1971-12-04 04:08:00', '2021-08-12 22:03:44', 1),
       (17, 37, '1970-02-22 19:13:23', '2021-08-12 22:03:44', 7),
       (17, 57, '1972-05-07 00:47:08', '2021-08-12 22:03:44', 3),
       (17, 127, '1994-11-29 15:59:46', '2021-08-12 22:03:44', 2),
       (17, 147, '2003-09-14 05:26:34', '2021-08-12 22:03:44', 9),
       (18, 18, '1980-03-01 02:25:03', '2021-08-12 22:03:44', 2),
       (18, 38, '2007-12-30 11:16:05', '2021-08-12 22:03:44', 1),
       (18, 58, '2021-06-29 19:58:58', '2021-08-12 22:03:44', 7),
       (18, 128, '1992-04-10 17:17:11', '2021-08-12 22:03:44', 1),
       (18, 148, '1977-01-23 12:14:33', '2021-08-12 22:03:44', 7),
       (19, 19, '1989-04-16 13:11:21', '2021-08-12 22:03:44', 8),
       (19, 39, '1989-08-03 13:33:07', '2021-08-12 22:03:44', 10),
       (19, 59, '2005-02-13 19:43:30', '2021-08-12 22:03:44', 7),
       (19, 129, '2012-09-04 17:35:46', '2021-08-12 22:03:44', 5),
       (19, 149, '2012-06-19 16:07:06', '2021-08-12 22:03:44', 1),
       (20, 20, '1996-02-07 14:34:35', '2021-08-12 22:03:44', 2),
       (20, 40, '2006-08-13 15:24:41', '2021-08-12 22:03:44', 5),
       (20, 60, '2013-03-28 22:30:48', '2021-08-12 22:03:44', 9),
       (20, 130, '1984-05-10 09:57:34', '2021-08-12 22:03:44', 8),
       (20, 150, '1976-03-05 10:04:21', '2021-08-12 22:03:44', 3),
       (21, 21, '2005-04-07 02:11:11', '2021-08-12 22:03:44', 9),
       (21, 41, '2011-02-19 09:34:36', '2021-08-12 22:03:44', 9),
       (21, 61, '1980-08-09 05:28:42', '2021-08-12 22:03:44', 4),
       (21, 131, '1997-04-18 09:04:29', '2021-08-12 22:03:44', 4),
       (21, 151, '1990-12-02 10:05:29', '2021-08-12 22:03:44', 9),
       (22, 22, '2001-07-02 14:39:01', '2021-08-12 22:03:44', 10),
       (22, 42, '2015-11-24 16:17:06', '2021-08-12 22:03:44', 5),
       (22, 62, '2004-12-29 04:39:23', '2021-08-12 22:03:44', 4),
       (22, 132, '1995-02-03 17:57:04', '2021-08-12 22:03:44', 5),
       (22, 152, '1983-08-26 08:35:33', '2021-08-12 22:03:44', 2),
       (23, 23, '1981-09-26 03:40:38', '2021-08-12 22:03:44', 4),
       (23, 43, '2017-08-09 06:42:21', '2021-08-12 22:03:44', 3),
       (23, 63, '1996-09-01 21:24:15', '2021-08-12 22:03:44', 3),
       (23, 133, '1985-11-06 22:46:01', '2021-08-12 22:03:44', 7),
       (23, 153, '1996-09-20 22:35:12', '2021-08-12 22:03:44', 4),
       (24, 24, '1972-04-12 18:08:32', '2021-08-12 22:03:44', 10),
       (24, 44, '1988-04-27 16:50:41', '2021-08-12 22:03:44', 8),
       (24, 64, '1977-05-28 06:04:01', '2021-08-12 22:03:44', 7),
       (24, 134, '1993-07-05 10:28:47', '2021-08-12 22:03:44', 10),
       (24, 154, '1984-06-27 01:52:13', '2021-08-12 22:03:44', 1),
       (25, 25, '1974-11-06 14:52:07', '2021-08-12 22:03:44', 3),
       (25, 45, '1971-12-26 11:42:45', '2021-08-12 22:03:44', 3),
       (25, 65, '1973-01-08 03:49:20', '2021-08-12 22:03:44', 5),
       (25, 135, '2004-11-20 03:02:10', '2021-08-12 22:03:44', 6),
       (25, 155, '2016-04-06 22:42:25', '2021-08-12 22:03:44', 5),
       (26, 26, '1979-02-20 18:32:09', '2021-08-12 22:03:44', 6),
       (26, 46, '2003-05-22 18:12:12', '2021-08-12 22:03:44', 3),
       (26, 66, '1995-08-06 15:15:32', '2021-08-12 22:03:44', 8),
       (26, 136, '1977-09-03 18:53:49', '2021-08-12 22:03:44', 9),
       (26, 156, '2011-10-05 22:42:16', '2021-08-12 22:03:44', 9),
       (27, 27, '2016-12-01 20:53:20', '2021-08-12 22:03:44', 1),
       (27, 47, '1974-11-13 20:35:38', '2021-08-12 22:03:44', 6),
       (27, 67, '1988-08-04 05:03:20', '2021-08-12 22:03:44', 8),
       (27, 137, '2005-08-22 21:02:17', '2021-08-12 22:03:44', 2),
       (27, 157, '1985-08-16 12:37:57', '2021-08-12 22:03:44', 5),
       (28, 28, '2021-05-21 22:22:10', '2021-08-12 22:03:44', 8),
       (28, 48, '1994-06-25 00:09:33', '2021-08-12 22:03:44', 6),
       (28, 68, '2012-03-19 21:19:15', '2021-08-12 22:03:44', 4),
       (28, 138, '1985-04-28 18:46:56', '2021-08-12 22:03:44', 4),
       (28, 158, '2000-09-29 02:18:22', '2021-08-12 22:03:44', 6),
       (29, 29, '2010-11-23 22:10:06', '2021-08-12 22:03:44', 6),
       (29, 49, '2013-04-09 09:55:39', '2021-08-12 22:03:44', 2),
       (29, 69, '2021-04-27 17:51:03', '2021-08-12 22:03:44', 3),
       (29, 139, '1992-03-03 04:46:42', '2021-08-12 22:03:44', 9),
       (29, 159, '1976-06-08 12:45:37', '2021-08-12 22:03:44', 3),
       (30, 30, '2004-08-05 08:36:58', '2021-08-12 22:03:44', 1),
       (30, 50, '2009-02-20 17:57:40', '2021-08-12 22:03:44', 3),
       (30, 70, '1991-05-30 22:18:57', '2021-08-12 22:03:44', 10),
       (30, 140, '2016-02-17 12:12:18', '2021-08-12 22:03:44', 4),
       (30, 160, '1980-08-09 07:07:43', '2021-08-12 22:03:44', 8),
       (31, 31, '1977-02-07 23:27:08', '2021-08-12 22:03:44', 6),
       (31, 51, '2008-11-13 04:23:20', '2021-08-12 22:03:44', 7),
       (31, 71, '2017-02-02 05:39:27', '2021-08-12 22:03:44', 7),
       (31, 141, '1993-08-17 12:13:05', '2021-08-12 22:03:44', 4),
       (31, 161, '2020-10-12 10:47:59', '2021-08-12 22:03:44', 6),
       (32, 32, '2011-03-25 17:54:45', '2021-08-12 22:03:44', 8),
       (32, 52, '1996-04-18 17:55:46', '2021-08-12 22:03:44', 3),
       (32, 72, '2014-09-11 09:09:18', '2021-08-12 22:03:44', 10),
       (32, 142, '1986-07-10 08:07:09', '2021-08-12 22:03:44', 2),
       (32, 162, '2014-10-16 14:53:44', '2021-08-12 22:03:44', 10),
       (33, 33, '1978-08-06 20:09:45', '2021-08-12 22:03:44', 2),
       (33, 53, '1978-04-03 13:09:28', '2021-08-12 22:03:44', 8),
       (33, 73, '1989-04-24 16:01:21', '2021-08-12 22:03:44', 4),
       (33, 143, '1998-01-29 07:26:13', '2021-08-12 22:03:44', 5),
       (33, 163, '1978-10-16 10:15:46', '2021-08-12 22:03:44', 4),
       (34, 34, '2006-10-25 20:03:21', '2021-08-12 22:03:44', 6),
       (34, 54, '1989-05-25 19:42:11', '2021-08-12 22:03:44', 5),
       (34, 74, '1996-01-12 15:46:14', '2021-08-12 22:03:44', 9),
       (34, 144, '2002-08-08 10:38:21', '2021-08-12 22:03:44', 8),
       (34, 164, '1991-02-26 15:07:56', '2021-08-12 22:03:44', 3),
       (35, 35, '1984-06-05 00:14:06', '2021-08-12 22:03:44', 10),
       (35, 55, '2014-02-14 07:08:05', '2021-08-12 22:03:44', 9),
       (35, 75, '2017-10-13 05:02:13', '2021-08-12 22:03:44', 6),
       (35, 145, '2002-02-01 09:20:40', '2021-08-12 22:03:44', 2),
       (35, 165, '2019-03-06 07:40:35', '2021-08-12 22:03:44', 2),
       (36, 36, '2014-02-17 22:50:59', '2021-08-12 22:03:44', 4),
       (36, 56, '2014-01-15 09:45:23', '2021-08-12 22:03:44', 3),
       (36, 76, '1982-10-04 20:01:55', '2021-08-12 22:03:44', 2),
       (36, 146, '2012-07-18 15:52:45', '2021-08-12 22:03:44', 9),
       (36, 166, '2017-05-03 01:08:46', '2021-08-12 22:03:44', 1),
       (37, 37, '2010-01-14 20:00:01', '2021-08-12 22:03:44', 6),
       (37, 57, '2017-08-13 09:50:50', '2021-08-12 22:03:44', 6),
       (37, 77, '1981-03-04 23:32:04', '2021-08-12 22:03:44', 4),
       (37, 147, '1982-03-22 22:54:18', '2021-08-12 22:03:44', 10),
       (37, 167, '1973-06-06 22:50:48', '2021-08-12 22:03:44', 8),
       (38, 38, '2003-07-15 19:48:25', '2021-08-12 22:03:44', 1),
       (38, 58, '1995-11-04 16:55:57', '2021-08-12 22:03:44', 8),
       (38, 78, '2010-08-07 11:28:00', '2021-08-12 22:03:44', 7),
       (38, 148, '1976-06-02 23:58:06', '2021-08-12 22:03:44', 1),
       (38, 168, '1994-12-22 00:08:57', '2021-08-12 22:03:44', 4),
       (39, 39, '1986-05-29 15:45:02', '2021-08-12 22:03:44', 4),
       (39, 59, '1986-07-16 21:50:40', '2021-08-12 22:03:44', 10),
       (39, 79, '2002-07-13 15:57:24', '2021-08-12 22:03:44', 7),
       (39, 149, '2003-08-17 09:57:01', '2021-08-12 22:03:44', 3),
       (39, 169, '1978-12-14 21:17:10', '2021-08-12 22:03:44', 4),
       (40, 40, '1996-02-09 02:14:39', '2021-08-12 22:03:44', 1),
       (40, 60, '1979-09-15 06:14:53', '2021-08-12 22:03:44', 1),
       (40, 80, '1971-06-03 13:26:12', '2021-08-12 22:03:44', 3),
       (40, 150, '1980-11-25 07:24:33', '2021-08-12 22:03:44', 10),
       (40, 170, '1992-05-30 21:04:37', '2021-08-12 22:03:44', 10),
       (41, 41, '1982-03-31 10:20:18', '2021-08-12 22:03:44', 2),
       (41, 61, '2019-12-12 19:17:40', '2021-08-12 22:03:44', 8),
       (41, 81, '1983-04-25 07:43:51', '2021-08-12 22:03:44', 4),
       (41, 151, '1996-09-23 15:41:58', '2021-08-12 22:03:44', 7),
       (41, 171, '2013-05-05 06:26:25', '2021-08-12 22:03:44', 2),
       (42, 42, '1976-07-09 19:47:55', '2021-08-12 22:03:44', 6),
       (42, 62, '1971-07-12 20:15:22', '2021-08-12 22:03:44', 6),
       (42, 82, '1984-12-27 20:38:52', '2021-08-12 22:03:44', 10),
       (42, 152, '2017-06-16 14:48:24', '2021-08-12 22:03:44', 3),
       (42, 172, '2009-04-13 13:28:17', '2021-08-12 22:03:44', 2),
       (43, 43, '2008-11-03 19:40:23', '2021-08-12 22:03:44', 3),
       (43, 63, '1973-07-19 15:56:40', '2021-08-12 22:03:44', 6),
       (43, 83, '1992-03-01 16:16:37', '2021-08-12 22:03:44', 10),
       (43, 153, '2016-02-24 00:13:42', '2021-08-12 22:03:44', 3),
       (43, 173, '2011-04-23 08:39:28', '2021-08-12 22:03:44', 4),
       (44, 44, '2012-06-24 23:22:24', '2021-08-12 22:03:44', 2),
       (44, 64, '2014-09-09 12:02:48', '2021-08-12 22:03:44', 8),
       (44, 84, '2013-11-08 10:37:22', '2021-08-12 22:03:44', 3),
       (44, 154, '2010-06-23 21:29:19', '2021-08-12 22:03:44', 10),
       (44, 174, '2011-10-30 14:34:22', '2021-08-12 22:03:44', 9),
       (45, 45, '1996-02-04 02:27:34', '2021-08-12 22:03:44', 5),
       (45, 65, '1970-10-29 23:54:22', '2021-08-12 22:03:44', 10),
       (45, 85, '1994-08-21 20:35:34', '2021-08-12 22:03:44', 1),
       (45, 155, '2003-04-28 02:39:00', '2021-08-12 22:03:44', 7),
       (45, 175, '1989-12-15 08:59:02', '2021-08-12 22:03:44', 1),
       (46, 46, '1992-12-11 14:45:04', '2021-08-12 22:03:44', 3),
       (46, 66, '1991-05-30 04:41:38', '2021-08-12 22:03:44', 2),
       (46, 86, '2009-10-12 01:39:43', '2021-08-12 22:03:44', 10),
       (46, 156, '2021-07-15 08:28:50', '2021-08-12 22:03:44', 3),
       (46, 176, '2002-11-08 20:11:22', '2021-08-12 22:03:44', 5),
       (47, 47, '2018-06-19 06:48:51', '2021-08-12 22:03:44', 4),
       (47, 67, '1974-06-29 08:27:11', '2021-08-12 22:03:44', 6),
       (47, 87, '2017-10-07 00:33:35', '2021-08-12 22:03:44', 7),
       (47, 157, '2003-07-28 03:42:45', '2021-08-12 22:03:44', 5),
       (47, 177, '1973-09-13 03:16:18', '2021-08-12 22:03:44', 7),
       (48, 48, '2016-08-01 09:14:42', '2021-08-12 22:03:44', 7),
       (48, 68, '2012-07-28 10:44:18', '2021-08-12 22:03:44', 3),
       (48, 88, '1995-12-12 15:08:45', '2021-08-12 22:03:44', 4),
       (48, 158, '1983-11-16 02:32:03', '2021-08-12 22:03:44', 3),
       (48, 178, '2017-11-09 14:35:42', '2021-08-12 22:03:44', 10),
       (49, 49, '1991-07-21 20:15:16', '2021-08-12 22:03:44', 1),
       (49, 69, '1973-11-25 19:19:06', '2021-08-12 22:03:44', 6),
       (49, 89, '2004-03-03 06:14:30', '2021-08-12 22:03:44', 5),
       (49, 159, '2014-04-29 06:44:08', '2021-08-12 22:03:44', 5),
       (49, 179, '1979-12-13 06:27:09', '2021-08-12 22:03:44', 10),
       (50, 50, '1991-11-29 10:30:12', '2021-08-12 22:03:44', 4),
       (50, 70, '1997-05-07 22:46:39', '2021-08-12 22:03:44', 1),
       (50, 90, '1980-08-25 19:06:43', '2021-08-12 22:03:44', 3),
       (50, 160, '1995-04-16 15:40:08', '2021-08-12 22:03:44', 1),
       (50, 180, '2000-04-18 16:15:10', '2021-08-12 22:03:44', 5),
       (51, 51, '1977-08-03 00:41:45', '2021-08-12 22:03:44', 3),
       (51, 71, '1985-05-29 02:03:27', '2021-08-12 22:03:44', 9),
       (51, 91, '2014-02-24 07:25:11', '2021-08-12 22:03:44', 7),
       (51, 161, '1972-06-06 02:51:57', '2021-08-12 22:03:44', 4),
       (51, 181, '1981-04-10 22:19:28', '2021-08-12 22:03:44', 2),
       (52, 52, '1978-09-20 19:33:14', '2021-08-12 22:03:44', 5),
       (52, 72, '2017-12-23 04:32:09', '2021-08-12 22:03:44', 10),
       (52, 92, '1998-06-01 03:00:40', '2021-08-12 22:03:44', 5),
       (52, 162, '1989-11-24 12:31:12', '2021-08-12 22:03:44', 5),
       (52, 182, '2013-02-14 21:12:20', '2021-08-12 22:03:44', 7),
       (53, 53, '1989-11-14 00:50:38', '2021-08-12 22:03:44', 2),
       (53, 73, '2000-07-26 12:29:57', '2021-08-12 22:03:44', 6),
       (53, 93, '1972-06-12 11:50:18', '2021-08-12 22:03:44', 6),
       (53, 163, '2005-03-07 15:22:21', '2021-08-12 22:03:44', 9),
       (53, 183, '1998-12-24 04:12:01', '2021-08-12 22:03:44', 6),
       (54, 54, '2006-09-09 14:49:26', '2021-08-12 22:03:44', 3),
       (54, 74, '2002-10-25 02:49:17', '2021-08-12 22:03:44', 8),
       (54, 94, '1971-06-25 12:41:20', '2021-08-12 22:03:44', 10),
       (54, 164, '1991-08-30 18:50:25', '2021-08-12 22:03:44', 6),
       (54, 184, '2003-05-22 18:28:04', '2021-08-12 22:03:44', 1),
       (55, 55, '1995-04-28 21:12:17', '2021-08-12 22:03:44', 5),
       (55, 75, '1971-06-27 12:31:58', '2021-08-12 22:03:44', 2),
       (55, 95, '2017-01-25 21:34:52', '2021-08-12 22:03:44', 4),
       (55, 165, '1973-07-01 23:17:27', '2021-08-12 22:03:44', 4),
       (55, 185, '1988-09-13 02:32:48', '2021-08-12 22:03:44', 8),
       (56, 56, '1977-02-12 20:52:21', '2021-08-12 22:03:44', 7),
       (56, 76, '2013-06-12 12:53:43', '2021-08-12 22:03:44', 10),
       (56, 96, '2020-05-28 17:23:19', '2021-08-12 22:03:44', 10),
       (56, 166, '1982-01-30 07:40:22', '2021-08-12 22:03:44', 10),
       (56, 186, '2001-04-14 01:14:41', '2021-08-12 22:03:44', 7),
       (57, 57, '1989-07-18 03:07:11', '2021-08-12 22:03:44', 4),
       (57, 77, '2007-02-16 13:55:32', '2021-08-12 22:03:44', 1),
       (57, 97, '2010-01-12 03:13:02', '2021-08-12 22:03:44', 2),
       (57, 167, '2012-01-02 23:55:38', '2021-08-12 22:03:44', 5),
       (57, 187, '2011-12-21 20:13:34', '2021-08-12 22:03:44', 1),
       (58, 58, '1977-08-23 02:17:40', '2021-08-12 22:03:44', 8),
       (58, 78, '1979-02-10 02:47:52', '2021-08-12 22:03:44', 5),
       (58, 98, '1973-06-01 04:25:04', '2021-08-12 22:03:44', 10),
       (58, 168, '2017-01-08 18:43:16', '2021-08-12 22:03:44', 6),
       (58, 188, '1997-10-16 04:49:46', '2021-08-12 22:03:44', 10),
       (59, 59, '1984-03-20 07:53:48', '2021-08-12 22:03:44', 1),
       (59, 79, '1998-02-08 22:51:03', '2021-08-12 22:03:44', 3),
       (59, 99, '2010-11-06 05:20:44', '2021-08-12 22:03:44', 1),
       (59, 169, '1982-05-27 16:28:28', '2021-08-12 22:03:44', 7),
       (59, 189, '1996-07-22 17:19:02', '2021-08-12 22:03:44', 10),
       (60, 60, '2001-02-15 21:37:41', '2021-08-12 22:03:44', 10),
       (60, 80, '1980-02-27 12:18:12', '2021-08-12 22:03:44', 8),
       (60, 100, '1998-01-19 00:24:05', '2021-08-12 22:03:44', 10),
       (60, 170, '2004-10-12 20:42:49', '2021-08-12 22:03:44', 5),
       (60, 190, '2020-08-21 18:14:45', '2021-08-12 22:03:44', 7),
       (61, 61, '2019-05-22 05:33:45', '2021-08-12 22:03:44', 8),
       (61, 81, '1982-08-28 10:33:17', '2021-08-12 22:03:44', 10),
       (61, 171, '1991-04-29 17:54:24', '2021-08-12 22:03:44', 4),
       (61, 191, '1980-01-30 13:05:36', '2021-08-12 22:03:44', 2),
       (62, 62, '1999-02-23 19:37:13', '2021-08-12 22:03:44', 6),
       (62, 82, '1996-11-08 23:27:04', '2021-08-12 22:03:44', 3),
       (62, 172, '1982-11-01 16:27:26', '2021-08-12 22:03:44', 7),
       (62, 192, '1990-09-24 04:51:56', '2021-08-12 22:03:44', 6),
       (63, 63, '2010-06-21 07:28:13', '2021-08-12 22:03:44', 9),
       (63, 83, '2019-06-02 08:09:57', '2021-08-12 22:03:44', 6),
       (63, 173, '2006-10-17 01:28:48', '2021-08-12 22:03:44', 3),
       (63, 193, '2019-11-18 23:47:36', '2021-08-12 22:03:44', 5),
       (64, 64, '1976-01-01 11:01:06', '2021-08-12 22:03:44', 5),
       (64, 84, '1980-02-10 13:13:58', '2021-08-12 22:03:44', 2),
       (64, 174, '2013-12-20 10:27:34', '2021-08-12 22:03:44', 3),
       (64, 194, '1986-04-05 21:36:05', '2021-08-12 22:03:44', 9),
       (65, 65, '2006-01-09 06:08:36', '2021-08-12 22:03:44', 6),
       (65, 85, '1996-05-25 16:15:34', '2021-08-12 22:03:44', 4),
       (65, 175, '2004-09-03 23:27:16', '2021-08-12 22:03:44', 9),
       (65, 195, '2000-06-25 22:49:49', '2021-08-12 22:03:44', 5),
       (66, 66, '2014-03-30 23:57:04', '2021-08-12 22:03:44', 5),
       (66, 86, '1993-10-04 04:06:50', '2021-08-12 22:03:44', 2),
       (66, 176, '1974-10-12 04:48:42', '2021-08-12 22:03:44', 2),
       (66, 196, '2003-12-17 12:37:03', '2021-08-12 22:03:44', 6),
       (67, 67, '2012-03-19 06:27:04', '2021-08-12 22:03:44', 4),
       (67, 87, '1978-02-02 23:05:22', '2021-08-12 22:03:44', 2),
       (67, 177, '2007-06-16 02:19:06', '2021-08-12 22:03:44', 7),
       (67, 197, '2011-04-17 18:07:48', '2021-08-12 22:03:44', 9),
       (68, 68, '1994-03-20 12:49:51', '2021-08-12 22:03:44', 4),
       (68, 88, '2008-03-05 18:17:06', '2021-08-12 22:03:44', 3),
       (68, 178, '2003-03-20 23:06:13', '2021-08-12 22:03:44', 3),
       (68, 198, '2012-08-23 11:42:10', '2021-08-12 22:03:44', 4),
       (69, 69, '1989-04-05 18:27:31', '2021-08-12 22:03:44', 1),
       (69, 89, '1995-07-26 05:02:43', '2021-08-12 22:03:44', 2),
       (69, 179, '1985-08-03 03:18:06', '2021-08-12 22:03:44', 6),
       (69, 199, '2013-10-09 02:31:35', '2021-08-12 22:03:44', 2),
       (70, 70, '1972-05-15 11:17:04', '2021-08-12 22:03:44', 4),
       (70, 90, '1974-09-29 08:22:36', '2021-08-12 22:03:44', 1),
       (70, 180, '1973-02-24 00:14:44', '2021-08-12 22:03:44', 5),
       (70, 200, '1984-08-08 17:26:00', '2021-08-12 22:03:44', 2),
       (71, 1, '1984-02-16 05:32:17', '2021-08-12 22:03:44', 5),
       (71, 71, '1980-04-03 16:16:20', '2021-08-12 22:03:44', 6),
       (71, 91, '1977-06-14 16:03:22', '2021-08-12 22:03:44', 7),
       (71, 181, '1990-12-27 04:50:17', '2021-08-12 22:03:44', 7),
       (72, 2, '1985-11-08 04:57:27', '2021-08-12 22:03:44', 1),
       (72, 72, '1987-03-22 11:03:29', '2021-08-12 22:03:44', 5),
       (72, 92, '2014-10-07 20:32:35', '2021-08-12 22:03:44', 10),
       (72, 182, '2000-01-05 07:21:38', '2021-08-12 22:03:44', 7),
       (73, 3, '2001-12-30 18:40:37', '2021-08-12 22:03:44', 5),
       (73, 73, '2001-02-12 13:56:57', '2021-08-12 22:03:44', 3),
       (73, 93, '2011-04-09 08:21:59', '2021-08-12 22:03:44', 10),
       (73, 183, '1996-12-08 11:42:07', '2021-08-12 22:03:44', 1),
       (74, 4, '1973-04-20 23:44:57', '2021-08-12 22:03:44', 5),
       (74, 74, '1970-11-30 11:30:05', '2021-08-12 22:03:44', 9),
       (74, 94, '1986-02-14 06:07:18', '2021-08-12 22:03:44', 2),
       (74, 184, '2005-09-08 07:32:34', '2021-08-12 22:03:44', 2),
       (75, 5, '1999-06-14 01:37:33', '2021-08-12 22:03:44', 3),
       (75, 75, '2010-03-13 00:17:41', '2021-08-12 22:03:44', 10),
       (75, 95, '1987-08-15 14:27:16', '2021-08-12 22:03:44', 9),
       (75, 185, '1973-11-17 01:02:41', '2021-08-12 22:03:44', 3),
       (76, 6, '2004-06-24 21:53:45', '2021-08-12 22:03:44', 1),
       (76, 76, '1987-10-25 01:40:22', '2021-08-12 22:03:44', 3),
       (76, 96, '1980-09-03 01:01:13', '2021-08-12 22:03:44', 2),
       (76, 186, '1985-09-28 18:10:29', '2021-08-12 22:03:44', 9),
       (77, 7, '2015-04-07 06:24:37', '2021-08-12 22:03:44', 8),
       (77, 77, '1975-07-04 16:38:48', '2021-08-12 22:03:44', 6),
       (77, 97, '1987-06-15 05:42:20', '2021-08-12 22:03:44', 2),
       (77, 187, '1980-04-23 03:08:55', '2021-08-12 22:03:44', 2),
       (78, 8, '1994-11-23 00:13:38', '2021-08-12 22:03:44', 5),
       (78, 78, '2014-07-30 20:43:15', '2021-08-12 22:03:44', 8),
       (78, 98, '1973-01-09 06:02:54', '2021-08-12 22:03:44', 4),
       (78, 188, '1984-05-17 22:42:52', '2021-08-12 22:03:44', 6),
       (79, 9, '1999-11-05 12:38:34', '2021-08-12 22:03:44', 8),
       (79, 79, '1978-12-16 06:33:06', '2021-08-12 22:03:44', 3),
       (79, 99, '2006-03-23 09:28:10', '2021-08-12 22:03:44', 7),
       (79, 189, '1983-03-13 03:57:27', '2021-08-12 22:03:44', 8),
       (80, 10, '1980-04-04 01:09:48', '2021-08-12 22:03:44', 7),
       (80, 80, '1989-02-04 01:54:18', '2021-08-12 22:03:44', 2),
       (80, 100, '1986-09-25 21:41:06', '2021-08-12 22:03:44', 8),
       (80, 190, '1991-09-16 06:52:26', '2021-08-12 22:03:44', 5),
       (81, 11, '2012-06-15 08:57:58', '2021-08-12 22:03:44', 9),
       (81, 81, '1990-09-08 03:36:48', '2021-08-12 22:03:44', 9),
       (81, 101, '2012-02-06 00:11:44', '2021-08-12 22:03:44', 7),
       (81, 191, '1987-11-13 10:04:24', '2021-08-12 22:03:44', 10),
       (82, 12, '1992-05-29 12:14:50', '2021-08-12 22:03:44', 6),
       (82, 82, '2016-03-01 10:15:50', '2021-08-12 22:03:44', 2),
       (82, 102, '1986-11-20 17:06:10', '2021-08-12 22:03:44', 10),
       (82, 192, '1992-05-06 08:54:42', '2021-08-12 22:03:44', 2),
       (83, 13, '1976-03-01 00:38:01', '2021-08-12 22:03:44', 9),
       (83, 83, '1990-02-20 22:09:04', '2021-08-12 22:03:44', 1),
       (83, 103, '1975-08-08 12:42:27', '2021-08-12 22:03:44', 4),
       (83, 193, '1990-04-10 01:52:20', '2021-08-12 22:03:44', 10),
       (84, 14, '2010-05-01 06:11:51', '2021-08-12 22:03:44', 8),
       (84, 84, '2017-06-27 11:46:10', '2021-08-12 22:03:44', 8),
       (84, 104, '2015-01-17 10:34:34', '2021-08-12 22:03:44', 7),
       (84, 194, '2007-03-05 02:09:36', '2021-08-12 22:03:44', 10),
       (85, 15, '1971-10-13 05:49:38', '2021-08-12 22:03:44', 6),
       (85, 85, '2001-06-29 00:59:44', '2021-08-12 22:03:44', 3),
       (85, 105, '2000-09-27 16:26:14', '2021-08-12 22:03:44', 5),
       (85, 195, '1992-10-18 11:56:55', '2021-08-12 22:03:44', 5),
       (86, 16, '2003-07-31 20:48:02', '2021-08-12 22:03:44', 1),
       (86, 86, '1987-09-12 09:19:13', '2021-08-12 22:03:44', 9),
       (86, 106, '1997-04-23 01:20:32', '2021-08-12 22:03:44', 10),
       (86, 196, '1991-11-01 10:59:47', '2021-08-12 22:03:44', 3),
       (87, 17, '2020-04-30 12:21:17', '2021-08-12 22:03:44', 5),
       (87, 87, '1970-05-02 22:03:45', '2021-08-12 22:03:44', 6),
       (87, 107, '2009-06-18 03:58:59', '2021-08-12 22:03:44', 4),
       (87, 197, '2018-04-30 02:00:44', '2021-08-12 22:03:44', 1),
       (88, 18, '1987-12-05 00:25:18', '2021-08-12 22:03:44', 1),
       (88, 88, '1982-10-18 19:09:57', '2021-08-12 22:03:44', 4),
       (88, 108, '2018-10-06 06:22:52', '2021-08-12 22:03:44', 7),
       (88, 198, '1971-11-22 16:45:01', '2021-08-12 22:03:44', 10),
       (89, 19, '1999-11-11 01:33:20', '2021-08-12 22:03:44', 7),
       (89, 89, '1970-05-15 05:54:08', '2021-08-12 22:03:44', 8),
       (89, 109, '1973-11-12 19:16:11', '2021-08-12 22:03:44', 8),
       (89, 199, '2006-03-13 17:41:20', '2021-08-12 22:03:44', 7),
       (90, 20, '2015-07-09 11:39:42', '2021-08-12 22:03:44', 8),
       (90, 90, '1997-01-07 17:27:34', '2021-08-12 22:03:44', 9),
       (90, 110, '2014-03-02 15:38:58', '2021-08-12 22:03:44', 10),
       (90, 200, '2006-02-20 15:45:00', '2021-08-12 22:03:44', 3),
       (91, 1, '1984-08-22 06:57:50', '2021-08-12 22:03:44', 3),
       (91, 21, '1992-04-02 20:31:50', '2021-08-12 22:03:44', 7),
       (91, 91, '1996-04-14 00:17:10', '2021-08-12 22:03:44', 4),
       (91, 111, '2013-05-27 15:10:17', '2021-08-12 22:03:44', 8),
       (92, 2, '1982-05-06 04:00:18', '2021-08-12 22:03:44', 9),
       (92, 22, '1977-03-20 17:07:02', '2021-08-12 22:03:44', 2),
       (92, 92, '1999-07-12 22:51:31', '2021-08-12 22:03:44', 2),
       (92, 112, '2012-05-30 16:24:11', '2021-08-12 22:03:44', 3),
       (93, 3, '1994-08-30 08:51:17', '2021-08-12 22:03:44', 10),
       (93, 23, '2004-08-19 12:54:17', '2021-08-12 22:03:44', 10),
       (93, 93, '2007-03-18 03:44:38', '2021-08-12 22:03:44', 7),
       (93, 113, '2003-11-23 14:43:18', '2021-08-12 22:03:44', 6),
       (94, 4, '1989-11-15 07:34:48', '2021-08-12 22:03:44', 10),
       (94, 24, '1998-05-07 03:13:17', '2021-08-12 22:03:44', 2),
       (94, 94, '2004-05-01 06:40:53', '2021-08-12 22:03:44', 8),
       (94, 114, '1984-04-02 11:13:43', '2021-08-12 22:03:44', 5),
       (95, 5, '1980-11-17 13:49:26', '2021-08-12 22:03:44', 9),
       (95, 25, '2009-07-03 11:47:36', '2021-08-12 22:03:44', 2),
       (95, 95, '2000-05-30 07:59:47', '2021-08-12 22:03:44', 10),
       (95, 115, '1986-08-08 03:02:12', '2021-08-12 22:03:44', 3),
       (96, 6, '2004-05-05 11:15:26', '2021-08-12 22:03:44', 7),
       (96, 26, '1985-10-15 07:57:25', '2021-08-12 22:03:44', 5),
       (96, 96, '2018-02-07 22:58:56', '2021-08-12 22:03:44', 5),
       (96, 116, '1983-05-25 00:52:01', '2021-08-12 22:03:44', 9),
       (97, 7, '1970-10-06 23:49:38', '2021-08-12 22:03:44', 8),
       (97, 27, '1971-10-18 05:25:39', '2021-08-12 22:03:44', 3),
       (97, 97, '1989-09-03 16:54:35', '2021-08-12 22:03:44', 1),
       (97, 117, '1976-10-16 06:18:36', '2021-08-12 22:03:44', 4),
       (98, 8, '2005-01-08 14:24:53', '2021-08-12 22:03:44', 5),
       (98, 28, '2017-10-08 15:01:05', '2021-08-12 22:03:44', 6),
       (98, 98, '1996-06-23 19:26:24', '2021-08-12 22:03:44', 2),
       (98, 118, '2011-06-10 09:17:01', '2021-08-12 22:03:44', 1),
       (99, 9, '1974-02-14 20:52:23', '2021-08-12 22:03:44', 10),
       (99, 29, '2003-10-11 13:07:20', '2021-08-12 22:03:44', 7),
       (99, 99, '2002-03-03 23:25:27', '2021-08-12 22:03:44', 5),
       (99, 119, '2002-04-30 21:21:52', '2021-08-12 22:03:44', 2),
       (100, 10, '1999-09-16 23:24:59', '2021-08-12 22:03:44', 4),
       (100, 30, '2008-02-20 09:25:36', '2021-08-12 22:03:44', 3),
       (100, 100, '1995-07-03 04:09:06', '2021-08-12 22:03:44', 2),
       (100, 120, '1995-11-14 07:23:01', '2021-08-12 22:03:44', 3),
       (101, 11, '1992-03-22 12:58:45', '2021-08-12 22:03:44', 5),
       (101, 31, '2006-09-21 20:31:33', '2021-08-12 22:03:44', 9),
       (101, 101, '2010-10-06 22:00:20', '2021-08-12 22:03:44', 8),
       (101, 121, '2009-11-06 13:05:49', '2021-08-12 22:03:44', 3),
       (102, 12, '1997-07-30 15:03:14', '2021-08-12 22:03:44', 2),
       (102, 32, '2014-05-24 08:41:04', '2021-08-12 22:03:44', 1),
       (102, 102, '2006-04-20 04:09:42', '2021-08-12 22:03:44', 5),
       (102, 122, '1994-09-21 02:37:22', '2021-08-12 22:03:44', 5),
       (103, 13, '2019-01-03 04:19:37', '2021-08-12 22:03:44', 8),
       (103, 33, '2018-10-20 23:06:49', '2021-08-12 22:03:44', 5),
       (103, 103, '1973-09-29 16:58:10', '2021-08-12 22:03:44', 8),
       (103, 123, '2014-10-16 07:29:16', '2021-08-12 22:03:44', 8),
       (104, 14, '1983-07-23 00:44:37', '2021-08-12 22:03:44', 2),
       (104, 34, '1995-05-19 00:54:23', '2021-08-12 22:03:44', 7),
       (104, 104, '1986-04-21 07:32:02', '2021-08-12 22:03:44', 10),
       (104, 124, '1995-10-03 18:18:41', '2021-08-12 22:03:44', 7),
       (105, 15, '1972-09-22 15:14:57', '2021-08-12 22:03:44', 3),
       (105, 35, '1982-11-24 12:25:27', '2021-08-12 22:03:44', 5),
       (105, 105, '2017-11-29 21:16:42', '2021-08-12 22:03:44', 6),
       (105, 125, '2019-04-27 20:32:56', '2021-08-12 22:03:44', 5),
       (106, 16, '1998-07-29 13:52:59', '2021-08-12 22:03:44', 4),
       (106, 36, '2015-12-28 16:04:03', '2021-08-12 22:03:44', 6),
       (106, 106, '1992-01-31 00:47:36', '2021-08-12 22:03:44', 6),
       (106, 126, '1983-01-17 23:33:23', '2021-08-12 22:03:44', 1),
       (107, 17, '1978-11-03 04:40:46', '2021-08-12 22:03:44', 8),
       (107, 37, '1973-06-14 07:05:21', '2021-08-12 22:03:44', 8),
       (107, 107, '1971-02-18 13:35:13', '2021-08-12 22:03:44', 5),
       (107, 127, '2016-04-02 07:28:27', '2021-08-12 22:03:44', 1),
       (108, 18, '1982-11-03 22:50:49', '2021-08-12 22:03:44', 9),
       (108, 38, '2009-03-28 13:53:37', '2021-08-12 22:03:44', 10),
       (108, 108, '1992-02-25 13:02:48', '2021-08-12 22:03:44', 3),
       (108, 128, '2013-12-02 05:39:26', '2021-08-12 22:03:44', 6),
       (109, 19, '2010-06-23 22:12:40', '2021-08-12 22:03:44', 10),
       (109, 39, '1987-12-25 02:16:38', '2021-08-12 22:03:44', 3),
       (109, 109, '2021-07-11 23:23:07', '2021-08-12 22:03:44', 3),
       (109, 129, '1980-11-23 09:08:38', '2021-08-12 22:03:44', 6),
       (110, 20, '2012-01-07 22:24:22', '2021-08-12 22:03:44', 8),
       (110, 40, '1981-04-20 19:12:05', '2021-08-12 22:03:44', 5),
       (110, 110, '1983-05-02 01:51:14', '2021-08-12 22:03:44', 8),
       (110, 130, '2018-04-11 02:36:55', '2021-08-12 22:03:44', 4);
/*!40000 ALTER TABLE `scores`
    ENABLE KEYS */;
UNLOCK TABLES;

--
-- Temporary view structure for view `student_score`
--

DROP TABLE IF EXISTS `student_score`;
/*!50001 DROP VIEW IF EXISTS `student_score`*/;
SET @saved_cs_client = @@character_set_client;
/*!50503 SET character_set_client = utf8mb4 */;
/*!50001 CREATE VIEW `student_score` AS
SELECT 1 AS `id`,
       1 AS `last_name`,
       1 AS `first_name`,
       1 AS `email`,
       1 AS `score`
        */;
SET character_set_client = @saved_cs_client;

--
-- Table structure for table `students`
--

DROP TABLE IF EXISTS `students`;
/*!40101 SET @saved_cs_client = @@character_set_client */;
/*!50503 SET character_set_client = utf8mb4 */;
CREATE TABLE `students`
(
    `id`         INT UNSIGNED                                                  NOT NULL AUTO_INCREMENT,
    `first_name` VARCHAR(255) CHARACTER SET utf8mb4 COLLATE utf8mb4_unicode_ci NOT NULL,
    `last_name`  VARCHAR(255) CHARACTER SET utf8mb4 COLLATE utf8mb4_unicode_ci NOT NULL,
    `patronymic` VARCHAR(255) CHARACTER SET utf8mb4 COLLATE utf8mb4_unicode_ci DEFAULT NULL,
    `email`      VARCHAR(255) CHARACTER SET utf8mb4 COLLATE utf8mb4_unicode_ci NOT NULL,
    `password`   VARCHAR(255) CHARACTER SET utf8mb4 COLLATE utf8mb4_unicode_ci NOT NULL,
    `group_id`   VARCHAR(255) CHARACTER SET utf8mb4 COLLATE utf8mb4_unicode_ci DEFAULT NULL,
    `birthday`   DATETIME                                                      NOT NULL,
    `created_at` DATETIME                                                      DEFAULT CURRENT_TIMESTAMP,
    `updated_at` DATETIME                                                      DEFAULT CURRENT_TIMESTAMP ON UPDATE CURRENT_TIMESTAMP,
    PRIMARY KEY (`id`),
    KEY `student_group_id_fk` (`group_id`),
    KEY `students_name_idx` (`last_name`),
    KEY `students_email_idx` (`email`),
    CONSTRAINT `student_group_id_fk` FOREIGN KEY (`group_id`) REFERENCES `study_groups` (`number`)
) ENGINE = InnoDB
  AUTO_INCREMENT = 111
  DEFAULT CHARSET = utf8mb4
  COLLATE = utf8mb4_unicode_ci;
/*!40101 SET character_set_client = @saved_cs_client */;

--
-- Dumping data for table `students`
--

LOCK TABLES `students` WRITE;
/*!40000 ALTER TABLE `students`
    DISABLE KEYS */;
INSERT INTO `students`
VALUES (1, 'Reuben', 'Hills', NULL, 'tcollier@example.com', '311362fb04bcd61f7db186592e7d801e2984bf9f', '91600',
        '1974-04-04 06:27:01', '2018-08-09 10:27:48', '2021-08-12 21:31:01'),
       (2, 'Cary', 'McDermott', NULL, 'esther07@example.org', 'f72c73e53c67b1039a180218e43a173002eac54f', '91600',
        '1923-04-08 05:05:46', '2020-09-14 03:43:53', '2021-08-12 21:31:01'),
       (3, 'Dasia', 'O\'Hara', NULL, 'aryanna.glover@example.com', '7d5b4d547fecc3cfb4c814de70422e1f5166a959',
        '6188427', '2010-03-31 16:39:05', '2012-06-03 07:45:23', '2021-08-12 21:31:01'),
       (4, 'Hassie', 'Hermiston', NULL, 'madaline.corkery@example.net', '544aa3c3f2098992846e71c030f1288fee3dc7c7',
        '2400974', '1922-11-03 04:44:49', '2016-10-26 09:55:39', '2012-07-01 16:25:44'),
       (5, 'Gladyce', 'Bode', NULL, 'alford.spencer@example.com', '0422126563bf2cdb0d2361451ecaf4aefaeb73f1',
        '489596946', '1988-03-07 18:55:19', '2012-03-25 00:13:38', '2021-08-12 21:31:01'),
       (6, 'Adah', 'Doyle', NULL, 'harris.ayden@example.com', 'd0b341b0b00dc772701799eae57a60eb65645e3c', '6188427',
        '2009-06-23 18:31:54', '2018-02-04 04:41:00', '2021-08-12 21:31:01'),
       (7, 'Furman', 'Streich', NULL, 'heather56@example.org', 'abf25660dad2b9ab709f6118d8d51f81ead07f18', '2400974',
        '1991-07-15 05:59:33', '2015-03-20 19:32:19', '2021-08-12 21:31:01'),
       (8, 'Prudence', 'Huels', NULL, 'xparisian@example.org', '6be18b1e034b766f48fb7fb2be99911bdaa4b7e2', '6188427',
        '1943-11-12 19:19:24', '2014-05-08 08:51:07', '2021-08-12 21:31:01'),
       (9, 'Christelle', 'Walsh', NULL, 'bstroman@example.com', '6e0c7f7f20122a0eaba403cb29ec64edb703abe0', NULL,
        '2004-07-02 17:35:32', '2020-12-25 06:02:14', '2021-08-12 21:41:43'),
       (10, 'Marlene', 'Green', NULL, 'qschmidt@example.org', '7c4706a126dacfee16cee4be0a3956aff0bbe71a', '2',
        '1993-03-20 07:36:08', '2014-09-07 03:02:19', '2021-08-12 21:31:01'),
       (11, 'Alaina', 'Spinka', NULL, 'lfisher@example.net', 'c587ebe796083ec2daef9c4a2b0f7e18ab906aa5', '91600',
        '1943-04-01 18:07:13', '2012-05-29 02:00:51', '2021-08-12 21:31:01'),
       (12, 'Carleton', 'Bogisich', NULL, 'daisha73@example.org', 'cd5ef3ca333836c9ae3fd2679be88784ff49a5c1', '1703621',
        '2011-09-06 17:15:09', '2018-03-20 00:16:16', '2013-12-25 06:36:11'),
       (13, 'Vella', 'Rosenbaum', NULL, 'clair50@example.net', '8158bb7cb95b6109eb88c38946b46db5835d86a9', '91171091',
        '1980-03-29 04:55:24', '2011-11-03 12:13:39', '2021-08-12 21:31:01'),
       (14, 'Jaiden', 'Corkery', NULL, 'hshields@example.org', '073aef6d013634a4ff880699edb782683e29fcfa', '3',
        '1971-12-06 11:38:00', '2016-04-13 21:27:25', '2021-08-12 21:31:01'),
       (15, 'Marquise', 'Dach', NULL, 'harvey.otho@example.org', 'beb1d5c339e2128a301ac965aa107a46fd0abfbe', NULL,
        '2001-05-24 23:15:43', '2012-12-31 01:24:51', '2021-08-12 21:41:43'),
       (16, 'Eleazar', 'Friesen', NULL, 'princess.bins@example.net', '545b0075f8cfd9bc445fdcd513b8554286fbd525', '2',
        '2010-06-18 10:40:52', '2012-10-05 16:35:34', '2021-08-12 21:31:01'),
       (17, 'Laila', 'Kemmer', NULL, 'juana41@example.org', '1a78d99fc3f1f9838f1e424768338569d0fe0c8a', '1703621',
        '1953-11-18 16:57:14', '2014-10-13 22:22:34', '2021-08-12 21:31:01'),
       (18, 'Kayden', 'Powlowski', NULL, 'rthiel@example.com', 'ddb824a0d4ca28294a705935bab4e32b2b632c1b', '3',
        '2006-03-22 15:44:03', '2016-01-16 11:19:45', '2021-08-12 21:31:01'),
       (19, 'Abe', 'Wolf', NULL, 'derek.mcglynn@example.org', '1af6a810a57d83d80ca7b11d20769db3cd0cd63f', '2',
        '1963-06-21 15:36:00', '2012-08-08 06:44:52', '2021-08-12 21:31:01'),
       (20, 'Nova', 'Hirthe', NULL, 'stephon.padberg@example.org', 'fa76d9d8406a750564870c8b4396f481a9c2a785', NULL,
        '2013-01-07 10:15:45', '2019-04-29 17:03:22', '2021-08-12 21:41:43'),
       (21, 'Fidel', 'Sawayn', NULL, 'rolando.hills@example.com', '266218918610ed8d1e0d28ab82e740953fc7309a', NULL,
        '1931-06-06 10:16:34', '2016-05-25 21:20:17', '2021-08-12 21:41:43'),
       (22, 'Lura', 'Kuhn', NULL, 'dmurphy@example.org', '3a2b09089c8178ee3aef4c96b899a2a99d9e7d70', '1703621',
        '2001-08-20 13:14:33', '2017-10-20 04:29:00', '2021-07-08 05:03:48'),
       (23, 'Ashton', 'Douglas', NULL, 'seffertz@example.net', 'aea933d098523729e583ac8af9c35402ce4b4d5c', '489596946',
        '1992-11-26 18:25:02', '2019-06-05 19:19:40', '2021-08-12 21:31:01'),
       (24, 'Kristopher', 'Greenfelder', NULL, 'koelpin.jarrell@example.com',
        '9040a231945d619eb62953f499eb232b32a55ad9', '63013130', '1998-08-23 20:03:20', '2020-03-28 03:58:08',
        '2021-08-12 21:31:01'),
       (25, 'Alek', 'Collier', NULL, 'bauch.jackson@example.com', '044bb3bae596e84169229b4449dd6a097d973679', '2400974',
        '1923-10-27 10:19:40', '2015-06-12 18:42:05', '2021-08-12 21:31:01'),
       (26, 'Eda', 'Schumm', NULL, 'qrippin@example.org', '2f49112f1c718dfa547b001ba0a3e00786e82c0f', '1703621',
        '1961-05-12 03:54:25', '2014-10-17 02:11:09', '2021-08-12 21:31:01'),
       (27, 'Darron', 'Schmeler', NULL, 'cloyd77@example.org', '98bb48eb0578640bdc6e3424e08fa1c5eb91c8ad', '1703621',
        '1925-02-05 20:08:11', '2015-05-05 20:29:37', '2021-08-12 21:31:01'),
       (28, 'Kiera', 'Bernhard', NULL, 'orn.althea@example.net', '8100506b1dddba44a135e508829f81a4c0632bd9', '1703621',
        '1967-05-03 05:39:04', '2018-07-10 12:49:09', '2021-08-12 21:31:01'),
       (29, 'Dakota', 'Conroy', NULL, 'ccarroll@example.com', 'e7dfcda1f275ab311565231691fd1c8e6fe781a1', NULL,
        '1931-12-11 12:58:56', '2019-12-03 18:47:27', '2021-08-12 21:41:43'),
       (30, 'Kendall', 'Emard', NULL, 'peffertz@example.org', 'd6d136ae12841a9c947981dee83fa3070cbf0853', '2',
        '1969-05-23 20:21:29', '2014-09-20 23:09:47', '2021-08-12 21:31:01'),
       (31, 'Bailee', 'Cummings', NULL, 'imelda.brekke@example.org', 'ca775414054cc9584ec49e2435362f6c07815d6c', '3',
        '1983-11-30 17:06:30', '2014-11-29 04:24:31', '2021-08-12 21:31:01'),
       (32, 'Lois', 'Bogan', NULL, 'jaskolski.daphney@example.com', 'b4488453288b25c80b7df32f5ad558f862d86fc6',
        '489596946', '1984-02-28 09:18:16', '2019-01-07 07:26:57', '2021-08-12 21:31:01'),
       (33, 'Catalina', 'Gislason', NULL, 'cordia.feest@example.com', '596804fe9727e64009add4b25a63aa3b317eb938', '3',
        '2016-12-14 16:40:32', '2016-02-19 19:24:51', '2021-08-12 21:31:01'),
       (34, 'Joannie', 'Bednar', NULL, 'darlene34@example.com', 'b8dd38067d33a50d3a35c35f7558bdfc96668078', NULL,
        '1922-05-15 11:05:31', '2014-02-24 18:02:35', '2021-08-12 21:41:43'),
       (35, 'Vicenta', 'D\'Amore', NULL, 'waters.sebastian@example.com', '1f3cd060ea4e0e36a45b2634c7e9a482a93ab7c4',
        '6188427', '1958-04-26 15:44:40', '2012-09-15 16:06:52', '2021-08-12 21:31:01'),
       (36, 'Keshaun', 'Gulgowski', NULL, 'vallie90@example.com', 'a6711717f9c8d284a57e652bf997c262aa1fe39d', '2',
        '1937-07-01 03:36:07', '2013-03-20 08:16:41', '2021-08-12 21:31:01'),
       (37, 'Lee', 'Becker', NULL, 'rbalistreri@example.com', 'a26e806cd2c17e230655d9208a6f7b2fae08f2b6', '6188427',
        '1958-01-18 03:15:26', '2018-06-05 11:05:53', '2011-10-23 02:02:09'),
       (38, 'Roscoe', 'Stroman', NULL, 'deonte.hirthe@example.net', 'f33bc7558d72e243ecb9d71aa8c861af930f821f',
        '2400974', '1958-01-26 03:25:17', '2015-12-04 13:03:23', '2021-08-12 21:31:01'),
       (39, 'Violette', 'Jones', NULL, 'yfeil@example.org', '3c69a0f45ff2ece272ccc79f5de82f41254692fd', '91171091',
        '1968-09-23 13:56:18', '2018-06-28 17:25:17', '2018-01-10 21:12:15'),
       (40, 'Cornell', 'Walter', NULL, 'august29@example.org', '71af6155f5ef2090cbe835cb6c1e684080aecaee', '489596946',
        '1984-08-28 10:57:45', '2015-06-08 06:40:19', '2021-08-12 21:31:01'),
       (41, 'Perry', 'Kirlin', NULL, 'sandy.bradtke@example.com', 'cc54007f04c789a8a5304c8ca1fb0e03518fca59', '91600',
        '1936-11-21 19:52:57', '2012-05-12 23:49:43', '2021-08-12 21:31:01'),
       (42, 'Tyrell', 'Tromp', NULL, 'nbechtelar@example.com', '5bda337e29316309278121bab0d1b61857c48274', '91600',
        '2020-01-29 17:41:16', '2020-06-11 04:52:06', '2021-08-12 21:31:01'),
       (43, 'Constance', 'Schaden', NULL, 'hhahn@example.net', 'a085c846b054f35dde7d2d64f6b9c0b4035260e5', '6188427',
        '1941-09-16 01:35:13', '2017-11-01 20:38:08', '2021-08-12 21:31:01'),
       (44, 'Celestino', 'Metz', NULL, 'ngreenholt@example.net', 'a2d1e6985101c2f751adbfdd3a87be2dcab9efca',
        '489596946', '2012-08-27 12:15:33', '2013-02-11 01:45:38', '2021-08-12 21:31:01'),
       (45, 'Garnett', 'Marks', NULL, 'margarita97@example.net', '67b85c5087bf16e4478844a0d3276d833fab1d92', '2400974',
        '1932-03-23 00:39:35', '2018-06-24 13:47:17', '2021-08-12 21:31:01'),
       (46, 'Haleigh', 'Trantow', NULL, 'eaufderhar@example.net', 'ee1993805795aa3af7aaeb52a6051a0bc50c1b3e', '3',
        '1942-09-30 09:12:59', '2015-01-16 00:56:59', '2021-08-12 21:31:01'),
       (47, 'Ernestina', 'Powlowski', NULL, 'seth.hyatt@example.com', 'd92100fa8b68263cd1e0c7e4887c7f60373a606d',
        '6188427', '2011-02-22 16:13:02', '2019-09-22 00:40:04', '2020-04-13 01:41:19'),
       (48, 'Reece', 'Windler', NULL, 'babbott@example.org', '61ae481aba0f9c3913725a41cde30539d8b0c9f4', '489596946',
        '1973-04-26 17:22:53', '2017-02-28 08:40:32', '2021-08-12 21:31:01'),
       (49, 'Holly', 'Bode', NULL, 'gwatsica@example.net', '4ca9598bb0d9b923c631e34aa5cabdb1b3f671d9', '6188427',
        '1922-05-02 18:53:52', '2013-10-05 06:34:09', '2021-08-12 21:31:01'),
       (50, 'Krista', 'Larkin', NULL, 'davon.thompson@example.org', '9559155b6c0404e305c12292c683e6e54f1522ba',
        '2400974', '1996-09-10 08:43:49', '2018-11-19 21:23:20', '2021-08-12 21:31:01'),
       (51, 'Leila', 'Kautzer', NULL, 'mayer.elton@example.net', '0036c3b3495c7aa6b1436241c8a0be99f009cad9', NULL,
        '2019-10-03 12:34:20', '2012-01-15 20:58:06', '2021-08-12 21:41:43'),
       (52, 'Marian', 'Feil', NULL, 'dach.melany@example.org', '0104627e8aa881e887ebaf19f043f1c4f9c6f6de', '489596946',
        '1957-10-26 15:07:17', '2012-01-16 09:04:20', '2021-08-12 21:31:01'),
       (53, 'Leanna', 'Bartell', NULL, 'hilario.connelly@example.org', 'dcf3d491418c0f81e47d9221fc43fe9cf5cc63c4', '3',
        '1946-05-13 11:24:33', '2011-12-02 06:13:50', '2021-08-12 21:31:01'),
       (54, 'Seamus', 'Mante', NULL, 'dibbert.irwin@example.org', '6df1a779abd2755604324df9212da75ad3a96dc0', '91600',
        '1939-03-03 14:29:32', '2013-02-10 19:12:06', '2021-08-12 21:31:01'),
       (55, 'Jackie', 'Hodkiewicz', NULL, 'narciso70@example.com', 'ea3f3193d4bb82c4004513a5b21136feacf2fa36',
        '91171091', '1949-03-03 08:20:50', '2016-02-25 10:26:57', '2021-08-12 21:31:01'),
       (56, 'Josefa', 'Breitenberg', NULL, 'cole.julius@example.net', 'a55d32c37e803ae1f3b68b23deaba2abde8a26a6', '2',
        '1953-08-02 22:18:50', '2020-05-19 01:35:13', '2021-08-12 21:31:01'),
       (57, 'Gayle', 'Bednar', NULL, 'ofarrell@example.org', 'd36e395866a68425b7d68d9d6a8cafc5c316fb37', '1703621',
        '1955-09-30 16:07:11', '2012-06-21 15:57:49', '2021-08-12 21:31:01'),
       (58, 'Emmy', 'Gorczany', NULL, 'hauck.anissa@example.org', '72b3c2138ddd3c3af85fd88e2b4eee539188961f', NULL,
        '2004-06-08 10:25:40', '2019-08-13 07:11:21', '2021-08-12 21:41:43'),
       (59, 'Carson', 'Schmitt', NULL, 'gerson75@example.com', 'e0fa154224eb550365dc68e2932e8f60fd58883f', '6188427',
        '1978-10-12 08:19:45', '2018-03-06 12:48:28', '2021-08-12 21:31:01'),
       (60, 'Delbert', 'Hermiston', NULL, 'axel09@example.net', '289de24bcc0538fec0dbf0f6e9d6f034e2dee333', '2',
        '1928-10-05 08:07:15', '2012-02-13 22:30:58', '2021-08-12 21:31:01'),
       (61, 'Cordia', 'Pfannerstill', NULL, 'richard03@example.net', '2d154f914a2e600dad9d8e06d1b472da9f79aab2',
        '91600', '1987-08-30 11:08:26', '2015-09-29 00:34:06', '2021-08-12 21:31:01'),
       (62, 'Alayna', 'Krajcik', NULL, 'abailey@example.org', 'ed659b441c642d60543a95531364f8c73bd9e0e2', '2',
        '1966-11-28 17:36:20', '2021-03-10 16:04:39', '2021-08-12 21:31:01'),
       (63, 'Cleo', 'Orn', NULL, 'oren.bauch@example.net', 'ca5ba2a8a003707a99df14e88ffc1eeeae954322', '2400974',
        '1989-05-27 07:03:02', '2012-03-25 01:15:27', '2021-08-12 21:31:01'),
       (64, 'Arianna', 'Schowalter', NULL, 'spencer.edyth@example.com', 'ae40284a8610b555c348ae5c7d0c63a5f64f7c39',
        '63013130', '1928-06-23 06:51:52', '2016-09-24 14:57:15', '2021-08-12 21:31:01'),
       (65, 'Diamond', 'Gerhold', NULL, 'tromp.rosella@example.org', '0ba45224d20534d6a2cbcaca2dd0220e16d2d3a9',
        '91171091', '1953-06-17 14:15:08', '2018-08-24 23:25:00', '2021-08-12 21:31:01'),
       (66, 'Turner', 'Rowe', NULL, 'runte.carolyn@example.org', 'c687fef76a9f0f9ef43296d6acde0b2f4348646e', '2',
        '1989-04-06 17:03:52', '2020-03-17 20:31:33', '2021-08-12 21:31:01'),
       (67, 'Arnoldo', 'Aufderhar', NULL, 'karl.schaefer@example.org', '817738f580379c6db643df359aed29dd14a46c8f',
        '489596946', '1992-11-15 01:10:26', '2012-03-24 14:20:25', '2021-08-12 21:31:01'),
       (68, 'Bridie', 'Green', NULL, 'gleason.kailey@example.org', '9e996e5d49ccea286ded71fea2a37377f5c50533', '3',
        '1966-02-02 11:08:50', '2016-12-29 22:27:37', '2021-08-12 21:31:01'),
       (69, 'Zachariah', 'Bosco', NULL, 'lueilwitz.francesca@example.org', 'eec86e0956d5f561bacceae504a71d0b5308ce8b',
        '91171091', '2018-09-18 02:21:19', '2020-08-30 16:26:54', '2014-12-24 01:56:24'),
       (70, 'Betsy', 'Dach', NULL, 'cleo04@example.org', '6d06480c9a69415d760c20c55dba16d5b8397590', '91171091',
        '1973-03-31 22:59:16', '2014-01-22 23:31:38', '2021-08-12 21:31:01'),
       (71, 'Johathan', 'Baumbach', NULL, 'everett.yundt@example.org', '5890852b25f9369d375830f90d27e2a6e85b6dea',
        '2400974', '1949-02-17 11:15:18', '2013-07-19 23:24:51', '2021-08-12 21:31:01'),
       (72, 'Dovie', 'Huels', NULL, 'augustine.hane@example.org', 'dcdd9cee162aecef131e0f449b06df789e03e673', '91600',
        '2010-03-19 13:10:16', '2012-01-17 13:19:23', '2021-08-12 21:31:01'),
       (73, 'Gus', 'Gerlach', NULL, 'rgreenholt@example.net', 'b53dc73e6f8f104fc54d37d05a5e3ae79e4597d5', '63013130',
        '1998-08-02 21:16:10', '2015-05-08 11:30:43', '2021-08-12 21:31:01'),
       (74, 'Estelle', 'Renner', NULL, 'bernadine.pfeffer@example.net', 'e553b953761a4d4614bfcdd562dfe4da47b38312', '3',
        '1987-07-10 10:52:24', '2013-01-18 04:17:13', '2021-08-12 21:31:01'),
       (75, 'Robin', 'Lehner', NULL, 'zmorar@example.net', 'aece88e5e2f1195ef552a5b7296b6a6c405af5fe', '2400974',
        '1962-01-15 16:27:38', '2014-09-17 01:16:04', '2021-08-12 21:31:01'),
       (76, 'Lambert', 'Hansen', NULL, 'carter13@example.org', 'a6e6050887baeabe60f8fa13814933fdaaf971d8', '3',
        '1974-12-18 23:36:28', '2020-01-06 12:51:29', '2021-08-12 21:31:01'),
       (77, 'Elva', 'Kuphal', NULL, 'tony.mayer@example.com', '5eb27a4ec175718fdce30326b3d88e0290be25e8', '2',
        '1930-09-08 11:45:59', '2011-09-02 00:09:46', '2021-08-12 21:31:01'),
       (78, 'Royal', 'Streich', NULL, 'mac.gleichner@example.org', 'd4323122c93285271e05efca4c0f99366e57de1c',
        '489596946', '1990-10-09 23:16:11', '2013-10-28 12:50:08', '2021-08-12 21:31:01'),
       (79, 'Noe', 'Fahey', NULL, 'keara.breitenberg@example.com', 'a8544782752f6aa50248060d41f9551dd16950a1',
        '6188427', '1946-03-06 17:24:38', '2019-03-26 18:35:25', '2021-08-12 21:31:01'),
       (80, 'Reanna', 'Reinger', NULL, 'deven34@example.net', '76c92e19fce6489e0e7f7dc8d884bccb7019bbb2', NULL,
        '2010-11-22 22:02:45', '2019-09-25 20:34:05', '2021-08-12 21:41:43'),
       (81, 'Flo', 'Dibbert', NULL, 'okerluke@example.org', '06f3a667e578c963ba8324c78e26c3a6257dbeb1', '91171091',
        '1989-03-29 15:50:28', '2015-08-19 06:30:13', '2021-08-12 21:31:01'),
       (82, 'Jeramie', 'O\'Hara', NULL, 'grover.harvey@example.net', 'c39688712470147dfe53cb3ba094189a5a8cad01',
        '2400974', '1983-12-11 04:33:42', '2011-11-23 01:26:34', '2021-08-12 21:31:01'),
       (83, 'Kole', 'Price', NULL, 'keshaun.boyle@example.net', 'edc597593816e7380b0daacbab0fc7c238e327a9', '3',
        '1956-02-13 23:38:34', '2017-05-23 22:53:13', '2021-08-12 21:31:01'),
       (84, 'Zackary', 'Walsh', NULL, 'wdickinson@example.org', '635de99520d2c0bd09f5e26ed18656c1531cd537', '489596946',
        '1964-01-24 23:08:03', '2012-09-28 17:19:41', '2021-08-12 21:31:01'),
       (85, 'Shanna', 'Bayer', NULL, 'edward93@example.net', '577e88a650d390a71ae52c48de4423d83a991147', '1703621',
        '1927-07-09 22:08:56', '2016-06-14 07:46:48', '2021-08-12 21:31:01'),
       (86, 'Garland', 'Ruecker', NULL, 'rosenbaum.kiana@example.org', '91eb85161b19a0450e5989f7a08ae379852de887',
        '6188427', '1953-01-16 21:44:14', '2018-12-16 16:07:43', '2021-08-12 21:31:01'),
       (87, 'Rosa', 'Koelpin', NULL, 'west.ethel@example.com', '716cdd0c3258e8e0761ea90b08ea5c5c5d6df438', '1703621',
        '1927-07-08 16:46:42', '2015-02-10 11:19:02', '2021-08-12 21:31:01'),
       (88, 'Telly', 'Hilll', NULL, 'bernier.dedrick@example.com', '7631abbdafc72badbc743f7d9a60bd0a6be05e3f', '3',
        '1999-11-15 13:51:55', '2016-05-29 17:38:44', '2021-08-12 21:31:01'),
       (89, 'Rex', 'Treutel', NULL, 'bode.marcos@example.org', '0b234815a7adf178f9e6c0234d0798ce13c79bce', '2',
        '1979-10-07 19:13:26', '2015-07-31 03:18:07', '2021-08-12 21:31:01'),
       (90, 'Bobbie', 'Gutkowski', NULL, 'ybatz@example.com', 'a90c592d737c9f219d88e1b546f189b6b7b4334a', '489596946',
        '1933-01-28 18:56:58', '2016-11-20 22:46:49', '2021-08-12 21:31:01'),
       (91, 'Marina', 'Batz', NULL, 'fdickens@example.com', '17856d02c21f1a2f4eaf2fb93577f5b4d1dfccaf', '6188427',
        '2011-03-12 19:47:16', '2015-11-24 13:13:34', '2021-08-12 21:31:01'),
       (92, 'Alford', 'Robel', NULL, 'fcasper@example.net', '8413799e616e810ff59e36808944d58c8b7ada8d', '1703621',
        '1985-04-24 10:47:15', '2018-09-30 10:54:27', '2021-04-13 10:03:12'),
       (93, 'Audie', 'Greenholt', NULL, 'reichert.austyn@example.org', '9b6a1116dcab1eef8014e3b1e5bd6b52e0a82810',
        '91600', '1959-09-07 03:48:11', '2015-08-05 19:58:28', '2021-08-12 21:31:01'),
       (94, 'Haylie', 'Torp', NULL, 'toy.kaya@example.com', 'ceb959e7cf20e28ff06cb97aea9219262fdd0b7e', '91600',
        '1988-04-18 05:08:08', '2021-03-25 20:13:36', '2021-08-12 21:31:01'),
       (95, 'Stella', 'Gulgowski', NULL, 'beth40@example.com', '7ca8bc408153da24620ed2104a8c46e383527ead', '489596946',
        '1980-11-11 19:42:48', '2020-05-15 23:47:48', '2021-08-12 21:31:01'),
       (96, 'Karlie', 'Rogahn', NULL, 'leatha.monahan@example.com', 'ee2387904e971af19781784bd32ace668edbf8e9',
        '2400974', '1981-04-17 10:52:46', '2012-07-04 05:21:06', '2021-08-12 21:31:01'),
       (97, 'Issac', 'Huels', NULL, 'yortiz@example.org', '8e6b8b1fdd9038bde5a7d3b0b4563795e5dd74d0', '91600',
        '1964-04-30 00:12:44', '2016-01-24 06:45:02', '2021-08-12 21:31:01'),
       (98, 'Natasha', 'Crooks', NULL, 'srenner@example.com', 'f7192abf920782a1197537c5555a621ab3674d69', '489596946',
        '1993-02-20 06:02:07', '2015-01-25 02:19:22', '2021-08-12 21:31:01'),
       (99, 'Gudrun', 'Lehner', NULL, 'horacio.leannon@example.org', '92ef0c92c7c6d4ae70882e1592fa25dfecfed7f6',
        '6188427', '2009-09-12 23:19:37', '2012-12-24 14:35:04', '2021-08-12 21:31:01'),
       (100, 'Maryam', 'Rutherford', NULL, 'dhuels@example.com', 'd2d9a74d71fb8487b43a1959c5d519725d7b65a9', '1703621',
        '1928-01-03 09:30:54', '2015-07-31 10:48:26', '2021-08-12 21:31:01'),
       (101, 'Christiana', 'Hartmann', NULL, 'dbins@example.org', '42395e3be4669eac184444a3c7baf957664014c3', '1703621',
        '1950-01-08 05:30:07', '2018-01-16 18:01:00', '2021-08-12 21:31:01'),
       (102, 'Ben', 'Murray', NULL, 'maynard34@example.com', '7a1b2eae8e1be463c3895112c2f5c8f1c2afaf2a', '489596946',
        '1940-09-30 14:44:49', '2017-10-15 11:59:11', '2021-08-12 21:31:01'),
       (103, 'Freda', 'Marquardt', NULL, 'brycen.jacobs@example.com', '06f66326e74b9538daefe18f18377a6ecad69efb',
        '2400974', '2015-11-22 09:18:56', '2012-01-29 14:46:27', '2021-08-12 21:31:01'),
       (104, 'Cleve', 'Cormier', NULL, 'whegmann@example.net', '44b23ddb262dbcb125f14d132a376595d342038f', '3',
        '2000-01-07 07:57:27', '2011-08-25 01:18:18', '2021-08-12 21:31:01'),
       (105, 'Samara', 'Kuphal', NULL, 'mante.kayden@example.org', '7eb4adcca7f1de6a80b16b0e552b94445a67dc70',
        '63013130', '1955-02-07 15:54:56', '2017-10-15 09:57:17', '2021-08-12 21:31:01'),
       (106, 'Laverne', 'McClure', NULL, 'vthompson@example.net', '3e8279ffeaf23e99bb9ab9a38954b3235547a2d3',
        '63013130', '1980-02-11 05:52:27', '2012-10-03 18:21:05', '2021-08-12 21:31:01'),
       (107, 'Jo', 'Jacobs', NULL, 'jamal.gottlieb@example.net', '4b9d94c36b0c812dcd17eb3d71128944dbce2ba9', '2',
        '2020-09-17 04:18:39', '2016-02-17 06:45:51', '2021-08-12 21:31:01'),
       (108, 'Herminia', 'Hilpert', NULL, 'declan.mraz@example.com', '9dbea01b5f2432a7ba356a897064a121391cba1f', '3',
        '1944-10-27 13:16:33', '2021-02-13 23:40:33', '2021-08-12 21:31:01'),
       (109, 'Austyn', 'O\'Reilly', NULL, 'conroy.caitlyn@example.org', '817feb9bb8c51fa090d3b28dfa586866f7b60217',
        '1703621', '1947-07-19 12:58:32', '2019-04-17 01:10:08', '2021-08-12 21:31:01'),
       (110, 'Mertie', 'Lowe', NULL, 'spencer.clotilde@example.org', 'fa0a7f9b347f5ca6b0ff78a1b8abf0a9d7cd29a8',
        '91600', '1975-03-03 00:18:19', '2012-03-24 05:32:24', '2019-02-07 01:48:41');
/*!40000 ALTER TABLE `students`
    ENABLE KEYS */;
UNLOCK TABLES;

--
-- Table structure for table `study_groups`
--

DROP TABLE IF EXISTS `study_groups`;
/*!40101 SET @saved_cs_client = @@character_set_client */;
/*!50503 SET character_set_client = utf8mb4 */;
CREATE TABLE `study_groups`
(
    `number`     VARCHAR(255) CHARACTER SET utf8mb4 COLLATE utf8mb4_unicode_ci NOT NULL,
    `created_at` DATETIME DEFAULT CURRENT_TIMESTAMP,
    `updated_at` DATETIME DEFAULT CURRENT_TIMESTAMP ON UPDATE CURRENT_TIMESTAMP,
    PRIMARY KEY (`number`)
) ENGINE = InnoDB
  DEFAULT CHARSET = utf8mb4
  COLLATE = utf8mb4_unicode_ci;
/*!40101 SET character_set_client = @saved_cs_client */;

--
-- Dumping data for table `study_groups`
--

LOCK TABLES `study_groups` WRITE;
/*!40000 ALTER TABLE `study_groups`
    DISABLE KEYS */;
INSERT INTO `study_groups`
VALUES ('1703621', '1999-03-12 01:52:08', '1945-12-17 08:58:56'),
       ('2', '1991-09-15 12:16:06', '2009-11-22 08:38:21'),
       ('2400974', '2018-10-19 22:55:15', '1992-07-02 06:18:00'),
       ('3', '2010-12-05 04:33:59', '1976-08-24 23:32:38'),
       ('42567', '1989-09-07 09:37:26', '2021-08-12 21:32:31'),
       ('489596946', '1977-11-16 07:31:52', '2011-03-25 19:48:06'),
       ('6188427', '1923-09-21 00:57:33', '1974-10-11 08:49:23'),
       ('63013130', '2012-02-13 09:51:24', '1956-10-04 00:47:12'),
       ('91171091', '1930-12-13 18:26:33', '1974-04-04 09:57:25'),
       ('91600', '2003-02-12 21:02:49', '1974-03-04 20:14:41');
/*!40000 ALTER TABLE `study_groups`
    ENABLE KEYS */;
UNLOCK TABLES;

--
-- Table structure for table `teachers`
--

DROP TABLE IF EXISTS `teachers`;
/*!40101 SET @saved_cs_client = @@character_set_client */;
/*!50503 SET character_set_client = utf8mb4 */;
CREATE TABLE `teachers`
(
    `id`         INT UNSIGNED                                                  NOT NULL AUTO_INCREMENT,
    `first_name` VARCHAR(255) CHARACTER SET utf8mb4 COLLATE utf8mb4_unicode_ci NOT NULL,
    `last_name`  VARCHAR(255) CHARACTER SET utf8mb4 COLLATE utf8mb4_unicode_ci NOT NULL,
    `patronymic` VARCHAR(255) CHARACTER SET utf8mb4 COLLATE utf8mb4_unicode_ci DEFAULT NULL,
    `email`      VARCHAR(255) CHARACTER SET utf8mb4 COLLATE utf8mb4_unicode_ci NOT NULL,
    `password`   VARCHAR(255) CHARACTER SET utf8mb4 COLLATE utf8mb4_unicode_ci NOT NULL,
    `birthday`   DATETIME                                                      NOT NULL,
    `created_at` DATETIME                                                      DEFAULT CURRENT_TIMESTAMP,
    `updated_at` DATETIME                                                      DEFAULT CURRENT_TIMESTAMP ON UPDATE CURRENT_TIMESTAMP,
    PRIMARY KEY (`id`),
    KEY `teachers_name_idx` (`last_name`),
    KEY `teachers_email_idx` (`email`)
) ENGINE = InnoDB
  AUTO_INCREMENT = 11
  DEFAULT CHARSET = utf8mb4
  COLLATE = utf8mb4_unicode_ci;
/*!40101 SET character_set_client = @saved_cs_client */;

--
-- Dumping data for table `teachers`
--

LOCK TABLES `teachers` WRITE;
/*!40000 ALTER TABLE `teachers`
    DISABLE KEYS */;
INSERT INTO `teachers`
VALUES (1, 'Herman', 'Schuppe', NULL, 'tressa34@example.com', '3766843f93a4527c6872fa0d48aa970385a7e612',
        '1977-06-05 08:15:04', '2015-04-27 22:58:58', '2018-04-13 04:19:05'),
       (2, 'Donny', 'Mitchell', NULL, 'zschaden@example.net', '71f2570d3a8040ef077d0f177c96e410091fc8c1',
        '2005-09-02 16:00:57', '2012-10-07 10:39:01', '2014-10-12 06:21:14'),
       (3, 'Bell', 'Mann', NULL, 'tania.okuneva@example.net', '328a77f00029c871b179848afbb4cf64e103ecdd',
        '1973-09-24 19:48:21', '2012-12-09 19:31:16', '2013-01-10 18:05:31'),
       (4, 'Clarabelle', 'Klein', NULL, 'vhilpert@example.com', '81f750f1f42764c64a8b25fbadc76e08fd08b2ab',
        '2009-02-23 16:11:52', '2013-03-18 04:00:23', '2020-06-28 11:36:53'),
       (5, 'Emmalee', 'Abbott', NULL, 'price.jonas@example.com', '0d538c5668d39c6853e23876a4fdeb0f59a3c67f',
        '1983-07-06 07:19:02', '2019-08-10 09:01:12', '2013-10-17 02:23:26'),
       (6, 'Beverly', 'Lebsack', NULL, 'breanne15@example.net', '2807b76fb06d5202457cbc2fac1248afd13285db',
        '2001-02-09 01:08:30', '2017-01-08 12:44:02', '2018-10-24 04:28:07'),
       (7, 'Mabel', 'Bernier', NULL, 'predovic.tod@example.net', '31206768dd0f4f7e737cb21cb2ed52bf64cc80b0',
        '2006-01-29 04:29:42', '2019-12-10 19:33:28', '2015-03-14 19:56:01'),
       (8, 'Aryanna', 'Bernhard', NULL, 'tanner.nikolaus@example.org', '9f3d8861f79d580b88dd1d3fcd27aaf077db7295',
        '2012-01-11 01:32:59', '2016-07-25 15:06:25', '2020-03-28 19:23:32'),
       (9, 'Ibrahim', 'Stoltenberg', NULL, 'hyatt.candice@example.com', '5e475927eff8b8a66f19cd8fff7272a1ec861da2',
        '1998-05-25 02:54:52', '2013-04-07 04:40:57', '2019-05-10 12:56:30'),
       (10, 'Marty', 'Kling', NULL, 'mritchie@example.org', '63d196a087c50a6c2d0690cb64b8a35b4434f4bf',
        '1973-10-26 20:14:20', '2012-06-23 05:25:22', '2019-11-07 15:05:40');
/*!40000 ALTER TABLE `teachers`
    ENABLE KEYS */;
UNLOCK TABLES;

--
-- Final view structure for view `group_size`
--

/*!50001 DROP VIEW IF EXISTS `group_size`*/;
/*!50001 SET @saved_cs_client = @@character_set_client */;
/*!50001 SET @saved_cs_results = @@character_set_results */;
/*!50001 SET @saved_col_connection = @@collation_connection */;
/*!50001 SET character_set_client = utf8mb4 */;
/*!50001 SET character_set_results = utf8mb4 */;
/*!50001 SET collation_connection = utf8mb4_0900_ai_ci */;
/*!50001 CREATE ALGORITHM = UNDEFINED */ /*!50013 DEFINER =`root`@`localhost` SQL SECURITY DEFINER */ /*!50001 VIEW `group_size` AS
SELECT DISTINCT `students`.`group_id`                               AS `group_number`,
                COUNT(0) OVER (PARTITION BY `students`.`group_id` ) AS `students`
FROM `students`
        */;
/*!50001 SET character_set_client = @saved_cs_client */;
/*!50001 SET character_set_results = @saved_cs_results */;
/*!50001 SET collation_connection = @saved_col_connection */;

--
-- Final view structure for view `lesson_teacher`
--

/*!50001 DROP VIEW IF EXISTS `lesson_teacher`*/;
/*!50001 SET @saved_cs_client = @@character_set_client */;
/*!50001 SET @saved_cs_results = @@character_set_results */;
/*!50001 SET @saved_col_connection = @@collation_connection */;
/*!50001 SET character_set_client = utf8mb4 */;
/*!50001 SET character_set_results = utf8mb4 */;
/*!50001 SET collation_connection = utf8mb4_0900_ai_ci */;
/*!50001 CREATE ALGORITHM = UNDEFINED */ /*!50013 DEFINER =`root`@`localhost` SQL SECURITY DEFINER */ /*!50001 VIEW `lesson_teacher` AS
SELECT `lessons`.`number`                                      AS `number`,
       `lessons`.`lesson_date`                                 AS `lesson_date`,
       `lessons`.`theme`                                       AS `theme`,
       `study_groups`.`number`                                 AS `group_number`,
       CONCAT(`teachers`.`last_name`, `teachers`.`first_name`) AS `CONCAT(teachers.last_name, teachers.first_name)`
FROM ((`lessons` JOIN `teachers` ON ((`teachers`.`id` = `lessons`.`teacher_id`)))
         JOIN `study_groups` ON ((`study_groups`.`number` = `lessons`.`group_id`)))
        */;
/*!50001 SET character_set_client = @saved_cs_client */;
/*!50001 SET character_set_results = @saved_cs_results */;
/*!50001 SET collation_connection = @saved_col_connection */;

--
-- Final view structure for view `student_score`
--

/*!50001 DROP VIEW IF EXISTS `student_score`*/;
/*!50001 SET @saved_cs_client = @@character_set_client */;
/*!50001 SET @saved_cs_results = @@character_set_results */;
/*!50001 SET @saved_col_connection = @@collation_connection */;
/*!50001 SET character_set_client = utf8mb4 */;
/*!50001 SET character_set_results = utf8mb4 */;
/*!50001 SET collation_connection = utf8mb4_0900_ai_ci */;
/*!50001 CREATE ALGORITHM = UNDEFINED */ /*!50013 DEFINER =`root`@`localhost` SQL SECURITY DEFINER */ /*!50001 VIEW `student_score` AS
SELECT `students`.`id`         AS `id`,
       `students`.`last_name`  AS `last_name`,
       `students`.`first_name` AS `first_name`,
       `students`.`email`      AS `email`,
       `scores`.`score`        AS `score`
FROM (`students`
         JOIN `scores` ON ((`students`.`id` = `scores`.`student_id`)))
        */;
/*!50001 SET character_set_client = @saved_cs_client */;
/*!50001 SET character_set_results = @saved_cs_results */;
/*!50001 SET collation_connection = @saved_col_connection */;
/*!40103 SET TIME_ZONE = @OLD_TIME_ZONE */;

/*!40101 SET SQL_MODE = @OLD_SQL_MODE */;
/*!40014 SET FOREIGN_KEY_CHECKS = @OLD_FOREIGN_KEY_CHECKS */;
/*!40014 SET UNIQUE_CHECKS = @OLD_UNIQUE_CHECKS */;
/*!40101 SET CHARACTER_SET_CLIENT = @OLD_CHARACTER_SET_CLIENT */;
/*!40101 SET CHARACTER_SET_RESULTS = @OLD_CHARACTER_SET_RESULTS */;
/*!40101 SET COLLATION_CONNECTION = @OLD_COLLATION_CONNECTION */;
/*!40111 SET SQL_NOTES = @OLD_SQL_NOTES */;

-- Dump completed on 2021-08-13 15:11:40
